{
	"credit": "Made with Blockbench",
	"texture_size": [64, 64],
	"textures": {
		"1": "item/extra/beach_pickaxe",
		"2": "item/extra/beach_sword",
		"particle": "item/extra/beach_sword"
	},
	"elements": [
		{
			"name": "handle",
			"from": [7, 0, 7],
			"to": [9, 28, 9],
			"rotation": {"angle": 0, "axis": "y", "origin": [8, 11, 8]},
			"faces": {
				"north": {"uv": [2.75, 3.25, 3, 6.75], "texture": "#1"},
				"east": {"uv": [3, 3.25, 3.25, 6.75], "texture": "#1"},
				"south": {"uv": [3.75, 2, 4, 5.5], "texture": "#1"},
				"west": {"uv": [4, 2, 4.25, 5.5], "texture": "#1"},
				"up": {"uv": [1.375, 6.5, 1.125, 6.25], "texture": "#1"},
				"down": {"uv": [1.625, 6.25, 1.375, 6.5], "texture": "#1"}
			}
		},
		{
			"name": "1st layer",
			"from": [6, 26, 6],
			"to": [10, 27.75, 10],
			"rotation": {"angle": 0, "axis": "y", "origin": [8, 28, 8]},
			"faces": {
				"north": {"uv": [8, 4, 9, 4.5], "texture": "#2"},
				"east": {"uv": [8, 4.5, 9, 5], "texture": "#2"},
				"south": {"uv": [8, 5, 9, 5.5], "texture": "#2"},
				"west": {"uv": [8, 5.5, 9, 6], "texture": "#2"},
				"up": {"uv": [8.5, 1, 7.5, 0], "texture": "#2"},
				"down": {"uv": [8.5, 1, 7.5, 2], "texture": "#2"}
			}
		},
		{
			"name": "2nd layer",
			"from": [5, 25, 5],
			"to": [11, 26.5, 11],
			"rotation": {"angle": 0, "axis": "y", "origin": [8, 27, 8]},
			"faces": {
				"north": {"uv": [8, 2, 9.5, 2.375], "texture": "#2"},
				"east": {"uv": [8, 2.5, 9.5, 2.875], "texture": "#2"},
				"south": {"uv": [8, 3, 9.5, 3.375], "texture": "#2"},
				"west": {"uv": [8, 3.5, 9.5, 3.875], "texture": "#2"},
				"up": {"uv": [1.5, 1.5, 0, 0], "texture": "#2"},
				"down": {"uv": [1.5, 1.5, 0, 3], "texture": "#2"}
			}
		},
		{
			"from": [5, 19, 11],
			"to": [11, 25, 12],
			"rotation": {"angle": 0, "axis": "y", "origin": [10.75, 16, 10.75]},
			"faces": {
				"north": {"uv": [3, 6, 4.5, 7.5], "texture": "#2"},
				"east": {"uv": [9, 4, 9.25, 5.5], "texture": "#2"},
				"south": {"uv": [6, 3, 7.5, 4.5], "texture": "#2"},
				"west": {"uv": [4.25, 9, 4.5, 10.5], "texture": "#2"},
				"up": {"uv": [6, 9.25, 4.5, 9], "texture": "#2"},
				"down": {"uv": [10.5, 5.5, 9, 5.75], "texture": "#2"}
			}
		},
		{
			"from": [11, 19, 5],
			"to": [12, 25, 11],
			"rotation": {"angle": 0, "axis": "y", "origin": [10.75, 16, 10.75]},
			"faces": {
				"north": {"uv": [2.25, 9, 2.5, 10.5], "texture": "#2"},
				"east": {"uv": [0, 6, 1.5, 7.5], "texture": "#2"},
				"south": {"uv": [2.5, 9, 2.75, 10.5], "texture": "#2"},
				"west": {"uv": [6, 0, 7.5, 1.5], "texture": "#2"},
				"up": {"uv": [3, 10.5, 2.75, 9], "texture": "#2"},
				"down": {"uv": [3.25, 9, 3, 10.5], "texture": "#2"}
			}
		},
		{
			"from": [5, 19, 4],
			"to": [11, 25, 5],
			"rotation": {"angle": 0, "axis": "y", "origin": [8, 26, 7]},
			"faces": {
				"north": {"uv": [1.5, 0, 3, 1.5], "texture": "#2"},
				"east": {"uv": [8, 6, 8.25, 7.5], "texture": "#2"},
				"south": {"uv": [1.5, 1.5, 3, 3], "texture": "#2"},
				"west": {"uv": [7.5, 8, 7.75, 9.5], "texture": "#2"},
				"up": {"uv": [9.5, 7.75, 8, 7.5], "texture": "#2"},
				"down": {"uv": [9.25, 8, 7.75, 8.25], "texture": "#2"}
			}
		},
		{
			"from": [4, 19, 5],
			"to": [5, 25, 11],
			"rotation": {"angle": 0, "axis": "y", "origin": [3.5, 16, 8]},
			"faces": {
				"north": {"uv": [8.75, 6, 9, 7.5], "texture": "#2"},
				"east": {"uv": [4.5, 0, 6, 1.5], "texture": "#2"},
				"south": {"uv": [8.75, 8.5, 9, 10], "texture": "#2"},
				"west": {"uv": [1.5, 4.5, 3, 6], "texture": "#2"},
				"up": {"uv": [0.25, 10.5, 0, 9], "texture": "#2"},
				"down": {"uv": [9.25, 0, 9, 1.5], "texture": "#2"}
			}
		},
		{
			"from": [3, 13, 5],
			"to": [4, 19, 11],
			"rotation": {"angle": 0, "axis": "y", "origin": [3.5, 16, 8]},
			"faces": {
				"north": {"uv": [0.25, 9, 0.5, 10.5], "texture": "#2"},
				"east": {"uv": [4.5, 1.5, 6, 3], "texture": "#2"},
				"south": {"uv": [0.5, 9, 0.75, 10.5], "texture": "#2"},
				"west": {"uv": [3, 4.5, 4.5, 6], "texture": "#2"},
				"up": {"uv": [1, 10.5, 0.75, 9], "texture": "#2"},
				"down": {"uv": [1.25, 9, 1, 10.5], "texture": "#2"}
			}
		},
		{
			"from": [4, 13, 4],
			"to": [5, 19, 5],
			"rotation": {"angle": 0, "axis": "y", "origin": [2, 20, 7]},
			"faces": {
				"north": {"uv": [9.25, 4, 9.5, 5.5], "texture": "#2"},
				"east": {"uv": [4.5, 9.25, 4.75, 10.75], "texture": "#2"},
				"south": {"uv": [4.75, 9.25, 5, 10.75], "texture": "#2"},
				"west": {"uv": [5, 9.25, 5.25, 10.75], "texture": "#2"},
				"up": {"uv": [9.75, 8.25, 9.5, 8], "texture": "#2"},
				"down": {"uv": [9.75, 8.25, 9.5, 8.5], "texture": "#2"}
			}
		},
		{
			"from": [5, 13, 3],
			"to": [11, 19, 4],
			"rotation": {"angle": 0, "axis": "y", "origin": [8, 20, 6]},
			"faces": {
				"north": {"uv": [0, 3, 1.5, 4.5], "texture": "#2"},
				"east": {"uv": [8.25, 6, 8.5, 7.5], "texture": "#2"},
				"south": {"uv": [3, 0, 4.5, 1.5], "texture": "#2"},
				"west": {"uv": [7.75, 8.25, 8, 9.75], "texture": "#2"},
				"up": {"uv": [9.5, 8, 8, 7.75], "texture": "#2"},
				"down": {"uv": [9.5, 8.25, 8, 8.5], "texture": "#2"}
			}
		},
		{
			"from": [11, 13, 4],
			"to": [12, 19, 5],
			"rotation": {"angle": 0, "axis": "y", "origin": [9, 20, 7]},
			"faces": {
				"north": {"uv": [6.75, 9, 7, 10.5], "texture": "#2"},
				"east": {"uv": [7, 9, 7.25, 10.5], "texture": "#2"},
				"south": {"uv": [7.25, 9, 7.5, 10.5], "texture": "#2"},
				"west": {"uv": [9.25, 0, 9.5, 1.5], "texture": "#2"},
				"up": {"uv": [9.5, 8.25, 9.25, 8], "texture": "#2"},
				"down": {"uv": [7.75, 9.5, 7.5, 9.75], "texture": "#2"}
			}
		},
		{
			"from": [12, 13, 5],
			"to": [13, 19, 11],
			"rotation": {"angle": 0, "axis": "y", "origin": [10.75, 16, 10.75]},
			"faces": {
				"north": {"uv": [3.25, 9, 3.5, 10.5], "texture": "#2"},
				"east": {"uv": [1.5, 6, 3, 7.5], "texture": "#2"},
				"south": {"uv": [3.5, 9, 3.75, 10.5], "texture": "#2"},
				"west": {"uv": [6, 1.5, 7.5, 3], "texture": "#2"},
				"up": {"uv": [4, 10.5, 3.75, 9], "texture": "#2"},
				"down": {"uv": [4.25, 9, 4, 10.5], "texture": "#2"}
			}
		},
		{
			"from": [11, 13, 11],
			"to": [12, 19, 12],
			"rotation": {"angle": 0, "axis": "y", "origin": [9, 20, 14]},
			"faces": {
				"north": {"uv": [9, 9.25, 9.25, 10.75], "texture": "#2"},
				"east": {"uv": [9.25, 9.25, 9.5, 10.75], "texture": "#2"},
				"south": {"uv": [9.5, 0, 9.75, 1.5], "texture": "#2"},
				"west": {"uv": [9.5, 2, 9.75, 3.5], "texture": "#2"},
				"up": {"uv": [10, 0.25, 9.75, 0], "texture": "#2"},
				"down": {"uv": [10, 0.25, 9.75, 0.5], "texture": "#2"}
			}
		},
		{
			"from": [5, 13, 12],
			"to": [11, 19, 13],
			"rotation": {"angle": 0, "axis": "y", "origin": [10.75, 16, 10.75]},
			"faces": {
				"north": {"uv": [4.5, 6, 6, 7.5], "texture": "#2"},
				"east": {"uv": [9, 5.75, 9.25, 7.25], "texture": "#2"},
				"south": {"uv": [6, 4.5, 7.5, 6], "texture": "#2"},
				"west": {"uv": [6, 9, 6.25, 10.5], "texture": "#2"},
				"up": {"uv": [10.5, 7.5, 9, 7.25], "texture": "#2"},
				"down": {"uv": [10.5, 8.5, 9, 8.75], "texture": "#2"}
			}
		},
		{
			"from": [4, 13, 11],
			"to": [5, 19, 12],
			"rotation": {"angle": 0, "axis": "y", "origin": [2, 20, 14]},
			"faces": {
				"north": {"uv": [5.25, 9.25, 5.5, 10.75], "texture": "#2"},
				"east": {"uv": [5.5, 9.25, 5.75, 10.75], "texture": "#2"},
				"south": {"uv": [5.75, 9.25, 6, 10.75], "texture": "#2"},
				"west": {"uv": [9.25, 5.75, 9.5, 7.25], "texture": "#2"},
				"up": {"uv": [9.75, 9.5, 9.5, 9.25], "texture": "#2"},
				"down": {"uv": [9.75, 9.5, 9.5, 9.75], "texture": "#2"}
			}
		},
		{
			"from": [5, 7, 13],
			"to": [11, 13, 14],
			"rotation": {"angle": 0, "axis": "y", "origin": [10.75, 16, 10.75]},
			"faces": {
				"north": {"uv": [6, 6, 7.5, 7.5], "texture": "#2"},
				"east": {"uv": [6.25, 9, 6.5, 10.5], "texture": "#2"},
				"south": {"uv": [0, 7.5, 1.5, 9], "texture": "#2"},
				"west": {"uv": [6.5, 9, 6.75, 10.5], "texture": "#2"},
				"up": {"uv": [10.5, 9, 9, 8.75], "texture": "#2"},
				"down": {"uv": [10.5, 9, 9, 9.25], "texture": "#2"}
			}
		},
		{
			"from": [3, 7, 11],
			"to": [5, 13, 13],
			"rotation": {"angle": 0, "axis": "y", "origin": [1, 14, 14]},
			"faces": {
				"north": {"uv": [6, 7.5, 6.5, 9], "texture": "#2"},
				"east": {"uv": [6.5, 7.5, 7, 9], "texture": "#2"},
				"south": {"uv": [7.5, 6.5, 8, 8], "texture": "#2"},
				"west": {"uv": [7, 7.5, 7.5, 9], "texture": "#2"},
				"up": {"uv": [10, 7.25, 9.5, 6.75], "texture": "#2"},
				"down": {"uv": [10, 7.5, 9.5, 8], "texture": "#2"}
			}
		},
		{
			"from": [2, 7, 5],
			"to": [3, 13, 11],
			"rotation": {"angle": 0, "axis": "y", "origin": [3.5, 16, 8]},
			"faces": {
				"north": {"uv": [8, 8.5, 8.25, 10], "texture": "#2"},
				"east": {"uv": [3, 3, 4.5, 4.5], "texture": "#2"},
				"south": {"uv": [8.25, 8.5, 8.5, 10], "texture": "#2"},
				"west": {"uv": [0, 4.5, 1.5, 6], "texture": "#2"},
				"up": {"uv": [8.75, 10, 8.5, 8.5], "texture": "#2"},
				"down": {"uv": [9, 0, 8.75, 1.5], "texture": "#2"}
			}
		},
		{
			"from": [3, 7, 3],
			"to": [5, 13, 5],
			"rotation": {"angle": 0, "axis": "y", "origin": [1, 14, 6]},
			"faces": {
				"north": {"uv": [4.5, 7.5, 5, 9], "texture": "#2"},
				"east": {"uv": [5, 7.5, 5.5, 9], "texture": "#2"},
				"south": {"uv": [7.5, 5, 8, 6.5], "texture": "#2"},
				"west": {"uv": [5.5, 7.5, 6, 9], "texture": "#2"},
				"up": {"uv": [10, 6.25, 9.5, 5.75], "texture": "#2"},
				"down": {"uv": [10, 6.25, 9.5, 6.75], "texture": "#2"}
			}
		},
		{
			"from": [5, 7, 2],
			"to": [11, 13, 3],
			"rotation": {"angle": 0, "axis": "y", "origin": [8, 14, 5]},
			"faces": {
				"north": {"uv": [1.5, 3, 3, 4.5], "texture": "#2"},
				"east": {"uv": [8.5, 0, 8.75, 1.5], "texture": "#2"},
				"south": {"uv": [3, 1.5, 4.5, 3], "texture": "#2"},
				"west": {"uv": [8.5, 6, 8.75, 7.5], "texture": "#2"},
				"up": {"uv": [10, 1.75, 8.5, 1.5], "texture": "#2"},
				"down": {"uv": [10, 1.75, 8.5, 2], "texture": "#2"}
			}
		},
		{
			"from": [11, 7, 3],
			"to": [13, 13, 5],
			"rotation": {"angle": 0, "axis": "y", "origin": [9, 14, 6]},
			"faces": {
				"north": {"uv": [3, 7.5, 3.5, 9], "texture": "#2"},
				"east": {"uv": [3.5, 7.5, 4, 9], "texture": "#2"},
				"south": {"uv": [7.5, 3.5, 8, 5], "texture": "#2"},
				"west": {"uv": [4, 7.5, 4.5, 9], "texture": "#2"},
				"up": {"uv": [10, 5, 9.5, 4.5], "texture": "#2"},
				"down": {"uv": [10, 5, 9.5, 5.5], "texture": "#2"}
			}
		},
		{
			"from": [13, 7, 5],
			"to": [14, 13, 11],
			"rotation": {"angle": 0, "axis": "y", "origin": [10.75, 16, 10.75]},
			"faces": {
				"north": {"uv": [1.25, 9, 1.5, 10.5], "texture": "#2"},
				"east": {"uv": [4.5, 3, 6, 4.5], "texture": "#2"},
				"south": {"uv": [1.5, 9, 1.75, 10.5], "texture": "#2"},
				"west": {"uv": [4.5, 4.5, 6, 6], "texture": "#2"},
				"up": {"uv": [2, 10.5, 1.75, 9], "texture": "#2"},
				"down": {"uv": [2.25, 9, 2, 10.5], "texture": "#2"}
			}
		},
		{
			"from": [11, 7, 11],
			"to": [13, 13, 13],
			"rotation": {"angle": 0, "axis": "y", "origin": [9, 14, 14]},
			"faces": {
				"north": {"uv": [1.5, 7.5, 2, 9], "texture": "#2"},
				"east": {"uv": [2, 7.5, 2.5, 9], "texture": "#2"},
				"south": {"uv": [7.5, 2, 8, 3.5], "texture": "#2"},
				"west": {"uv": [2.5, 7.5, 3, 9], "texture": "#2"},
				"up": {"uv": [10, 4, 9.5, 3.5], "texture": "#2"},
				"down": {"uv": [10, 4, 9.5, 4.5], "texture": "#2"}
			}
		},
		{
			"name": "handle",
			"from": [5.5, 16.75, 7.75],
			"to": [6.5, 24.75, 8.75],
			"rotation": {"angle": 22.5, "axis": "z", "origin": [6, 20.75, 8.25]},
			"faces": {
				"north": {"uv": [2.75, 3.25, 3, 6.75], "texture": "#1"},
				"east": {"uv": [3, 3.25, 3.25, 6.75], "texture": "#1"},
				"south": {"uv": [3.75, 2, 4, 5.5], "texture": "#1"},
				"west": {"uv": [4, 2, 4.25, 5.5], "texture": "#1"},
				"up": {"uv": [1.375, 6.5, 1.125, 6.25], "texture": "#1"},
				"down": {"uv": [1.625, 6.25, 1.375, 6.5], "texture": "#1"}
			}
		},
		{
			"name": "handle",
			"from": [9.5, 18, 7.75],
			"to": [10.5, 25, 8.75],
			"rotation": {"angle": -22.5, "axis": "z", "origin": [10, 22, 8.25]},
			"faces": {
				"north": {"uv": [2.75, 3.25, 3, 6.75], "texture": "#1"},
				"east": {"uv": [3, 3.25, 3.25, 6.75], "texture": "#1"},
				"south": {"uv": [3.75, 2.125, 4, 5.5], "texture": "#1"},
				"west": {"uv": [4, 2.125, 4.25, 5.5], "texture": "#1"},
				"up": {"uv": [1.375, 6.5, 1.125, 6.25], "texture": "#1"},
				"down": {"uv": [1.625, 6.25, 1.375, 6.5], "texture": "#1"}
			}
		},
		{
			"name": "handle",
			"from": [7.25, 18, 6],
			"to": [8.25, 25, 7],
			"rotation": {"angle": -22.5, "axis": "x", "origin": [7.75, 22, 6.5]},
			"faces": {
				"north": {"uv": [2.75, 3.25, 3, 6.75], "texture": "#1"},
				"east": {"uv": [3, 3.25, 3.25, 6.75], "texture": "#1"},
				"south": {"uv": [3.75, 2.125, 4, 5.5], "texture": "#1"},
				"west": {"uv": [4, 2.125, 4.25, 5.5], "texture": "#1"},
				"up": {"uv": [1.375, 6.5, 1.125, 6.25], "texture": "#1"},
				"down": {"uv": [1.625, 6.25, 1.375, 6.5], "texture": "#1"}
			}
		},
		{
			"name": "handle",
			"from": [7.5, 19, 8.75],
			"to": [8.5, 25, 9.75],
			"rotation": {"angle": 22.5, "axis": "x", "origin": [8, 23, 9.25]},
			"faces": {
				"north": {"uv": [2.75, 3.25, 3, 6.75], "texture": "#1"},
				"east": {"uv": [3, 3.25, 3.25, 6.75], "texture": "#1"},
				"south": {"uv": [3.75, 2, 4, 5.5], "texture": "#1"},
				"west": {"uv": [4, 2, 4.25, 5.5], "texture": "#1"},
				"up": {"uv": [1.375, 6.5, 1.125, 6.25], "texture": "#1"},
				"down": {"uv": [1.625, 6.25, 1.375, 6.5], "texture": "#1"}
			}
		}
	],
	"gui_light": "front",
	"display": {
		"thirdperson_righthand": {
			"rotation": [9.25, 19.83, -8.6],
			"translation": [0, 1.75, 2],
			"scale": [0.5, 0.5, 0.5]
		},
		"thirdperson_lefthand": {
			"rotation": [9.25, 19.83, -8.6],
			"translation": [0, -1, 2],
			"scale": [0.5, 0.5, 0.5]
		},
		"firstperson_righthand": {
			"rotation": [-9, -28, 9],
			"translation": [2.25, 2.5, 0],
			"scale": [0.5, 0.5, 0.5]
		},
		"firstperson_lefthand": {
			"rotation": [-9, -28, 9],
			"translation": [2.25, 2.5, 0],
			"scale": [0.5, 0.5, 0.5]
		},
		"ground": {
			"rotation": [30, 0, 45],
			"translation": [0, 1.5, 0],
			"scale": [0.4, 0.4, 0.4]
		},
		"gui": {
			"rotation": [0, 0, -45],
			"translation": [-3, -3.5, 0],
			"scale": [0.5, 0.5, 0.5]
		},
		"fixed": {
			"translation": [0, -2.5, 0],
			"scale": [0.5, 0.5, 0.5]
		}
	},
	"groups": [
		0,
		1,
		2,
		{
			"name": "3rd layer",
			"origin": [3.5, 16, 8],
			"color": 0,
			"children": [3, 4, 5, 6]
		},
		{
			"name": "4th layer",
			"origin": [2, 20, 14],
			"color": 0,
			"children": [7, 8, 9, 10, 11, 12, 13, 14]
		},
		{
			"name": "5th layer",
			"origin": [9, 14, 14],
			"color": 0,
			"children": [15, 16, 17, 18, 19, 20, 21, 22]
		},
		23,
		24,
		25,
		26
	]
}