{
	"credit": "Made with Blockbench",
	"texture_size": [64, 64],
	"textures": {
		"0": "item/extra/hades_drill",
		"particle": "item/extra/hades_drill"
	},
	"elements": [
		{
			"from": [9.5, 7, 11],
			"to": [10.5, 10.5, 12],
			"rotation": {"angle": 0, "axis": "y", "origin": [3, 3, 11]},
			"faces": {
				"north": {"uv": [10.25, 5.25, 10.5, 6], "texture": "#0"},
				"east": {"uv": [10, 5.25, 10.25, 6], "texture": "#0"},
				"south": {"uv": [10.75, 5.25, 11, 6], "texture": "#0"},
				"west": {"uv": [10.5, 5.25, 10.75, 6], "texture": "#0"},
				"up": {"uv": [10.5, 5.25, 10.25, 5], "texture": "#0"},
				"down": {"uv": [10.75, 5, 10.5, 5.25], "texture": "#0"}
			}
		},
		{
			"from": [6.5, 9.5, 11],
			"to": [9.5, 10.5, 12],
			"rotation": {"angle": 0, "axis": "y", "origin": [3, 3, 11]},
			"faces": {
				"north": {"uv": [8.75, 4.25, 9.5, 4.5], "texture": "#0"},
				"east": {"uv": [8.5, 4.25, 8.75, 4.5], "texture": "#0"},
				"south": {"uv": [9.75, 4.25, 10.5, 4.5], "texture": "#0"},
				"west": {"uv": [9.5, 4.25, 9.75, 4.5], "texture": "#0"},
				"up": {"uv": [9.5, 4.25, 8.75, 4], "texture": "#0"},
				"down": {"uv": [10.25, 4, 9.5, 4.25], "texture": "#0"}
			}
		},
		{
			"from": [5.5, 7, 11],
			"to": [6.5, 10.5, 12],
			"rotation": {"angle": 0, "axis": "y", "origin": [0, 3, 11]},
			"faces": {
				"north": {"uv": [10.25, 4.25, 10.5, 5], "texture": "#0"},
				"east": {"uv": [10, 4.25, 10.25, 5], "texture": "#0"},
				"south": {"uv": [10.75, 4.25, 11, 5], "texture": "#0"},
				"west": {"uv": [10.5, 4.25, 10.75, 5], "texture": "#0"},
				"up": {"uv": [10.5, 4.25, 10.25, 4], "texture": "#0"},
				"down": {"uv": [10.75, 4, 10.5, 4.25], "texture": "#0"}
			}
		},
		{
			"from": [9.5, 7, 4],
			"to": [10.5, 10.5, 5],
			"rotation": {"angle": 0, "axis": "y", "origin": [3, 3, 4]},
			"faces": {
				"north": {"uv": [10.25, 7.75, 10.5, 8.5], "texture": "#0"},
				"east": {"uv": [10, 7.75, 10.25, 8.5], "texture": "#0"},
				"south": {"uv": [10.75, 7.75, 11, 8.5], "texture": "#0"},
				"west": {"uv": [10.5, 7.75, 10.75, 8.5], "texture": "#0"},
				"up": {"uv": [10.5, 7.75, 10.25, 7.5], "texture": "#0"},
				"down": {"uv": [10.75, 7.5, 10.5, 7.75], "texture": "#0"}
			}
		},
		{
			"from": [6.5, 9.5, 4],
			"to": [9.5, 10.5, 5],
			"rotation": {"angle": 0, "axis": "y", "origin": [3, 3, 4]},
			"faces": {
				"north": {"uv": [10.25, 6.25, 11, 6.5], "texture": "#0"},
				"east": {"uv": [10, 6.25, 10.25, 6.5], "texture": "#0"},
				"south": {"uv": [11.25, 6.25, 12, 6.5], "texture": "#0"},
				"west": {"uv": [11, 6.25, 11.25, 6.5], "texture": "#0"},
				"up": {"uv": [11, 6.25, 10.25, 6], "texture": "#0"},
				"down": {"uv": [11.75, 6, 11, 6.25], "texture": "#0"}
			}
		},
		{
			"from": [5.5, 7, 4],
			"to": [6.5, 10.5, 5],
			"rotation": {"angle": 0, "axis": "y", "origin": [0, 3, 4]},
			"faces": {
				"north": {"uv": [10.25, 6.75, 10.5, 7.5], "texture": "#0"},
				"east": {"uv": [10, 6.75, 10.25, 7.5], "texture": "#0"},
				"south": {"uv": [10.75, 6.75, 11, 7.5], "texture": "#0"},
				"west": {"uv": [10.5, 6.75, 10.75, 7.5], "texture": "#0"},
				"up": {"uv": [10.5, 6.75, 10.25, 6.5], "texture": "#0"},
				"down": {"uv": [10.75, 6.5, 10.5, 6.75], "texture": "#0"}
			}
		},
		{
			"name": "tiny",
			"from": [7, 3, 18],
			"to": [9, 4, 19],
			"rotation": {"angle": 0, "axis": "y", "origin": [0, 0, 18]},
			"faces": {
				"north": {"uv": [10.25, 8.75, 10.75, 9], "texture": "#0"},
				"east": {"uv": [10, 8.75, 10.25, 9], "texture": "#0"},
				"south": {"uv": [11, 8.75, 11.5, 9], "texture": "#0"},
				"west": {"uv": [10.75, 8.75, 11, 9], "texture": "#0"},
				"up": {"uv": [10.75, 8.75, 10.25, 8.5], "texture": "#0"},
				"down": {"uv": [11.25, 8.5, 10.75, 8.75], "texture": "#0"}
			}
		},
		{
			"name": "small",
			"from": [7, 2, 16],
			"to": [9, 5, 18],
			"rotation": {"angle": 0, "axis": "y", "origin": [0, 0, 16]},
			"faces": {
				"north": {"uv": [9.5, 10, 10, 10.75], "texture": "#0"},
				"east": {"uv": [9, 10, 9.5, 10.75], "texture": "#0"},
				"south": {"uv": [10.5, 10, 11, 10.75], "texture": "#0"},
				"west": {"uv": [10, 10, 10.5, 10.75], "texture": "#0"},
				"up": {"uv": [10, 10, 9.5, 9.5], "texture": "#0"},
				"down": {"uv": [10.5, 9.5, 10, 10], "texture": "#0"}
			}
		},
		{
			"name": "medium",
			"from": [6, 1, 14],
			"to": [10, 6, 16],
			"rotation": {"angle": 0, "axis": "y", "origin": [0, 0, 14]},
			"faces": {
				"north": {"uv": [4, 10, 5, 11.25], "texture": "#0"},
				"east": {"uv": [3.5, 10, 4, 11.25], "texture": "#0"},
				"south": {"uv": [5.5, 10, 6.5, 11.25], "texture": "#0"},
				"west": {"uv": [5, 10, 5.5, 11.25], "texture": "#0"},
				"up": {"uv": [5, 10, 4, 9.5], "texture": "#0"},
				"down": {"uv": [6, 9.5, 5, 10], "texture": "#0"}
			}
		},
		{
			"name": "big",
			"from": [5, 0, 13],
			"to": [11, 7, 14],
			"rotation": {"angle": 0, "axis": "y", "origin": [0, 0, 13]},
			"faces": {
				"north": {"uv": [0.25, 9.75, 1.75, 11.5], "texture": "#0"},
				"east": {"uv": [0, 9.75, 0.25, 11.5], "texture": "#0"},
				"south": {"uv": [2, 9.75, 3.5, 11.5], "texture": "#0"},
				"west": {"uv": [1.75, 9.75, 2, 11.5], "texture": "#0"},
				"up": {"uv": [1.75, 9.75, 0.25, 9.5], "texture": "#0"},
				"down": {"uv": [3.25, 9.5, 1.75, 9.75], "texture": "#0"}
			}
		},
		{
			"name": "drill body",
			"from": [5, 0, 2],
			"to": [11, 7, 13],
			"faces": {
				"north": {"uv": [2.75, 2.75, 4.25, 4.5], "texture": "#0"},
				"east": {"uv": [0, 2.75, 2.75, 4.5], "texture": "#0"},
				"south": {"uv": [7, 2.75, 8.5, 4.5], "texture": "#0"},
				"west": {"uv": [4.25, 2.75, 7, 4.5], "texture": "#0"},
				"up": {"uv": [4.25, 2.75, 2.75, 0], "texture": "#0"},
				"down": {"uv": [5.75, 0, 4.25, 2.75], "texture": "#0"}
			}
		},
		{
			"name": "side thing",
			"from": [4, 5, 3],
			"to": [5, 6, 12],
			"rotation": {"angle": 0, "axis": "y", "origin": [-5, 1, 6]},
			"faces": {
				"north": {"uv": [2.25, 9.25, 2.5, 9.5], "texture": "#0"},
				"east": {"uv": [0, 9.25, 2.25, 9.5], "texture": "#0"},
				"south": {"uv": [4.75, 9.25, 5, 9.5], "texture": "#0"},
				"west": {"uv": [2.5, 9.25, 4.75, 9.5], "texture": "#0"},
				"up": {"uv": [2.5, 9.25, 2.25, 7], "texture": "#0"},
				"down": {"uv": [2.75, 7, 2.5, 9.25], "texture": "#0"}
			}
		},
		{
			"name": "side thing",
			"from": [4, 3, 4],
			"to": [5, 4, 11],
			"rotation": {"angle": 0, "axis": "y", "origin": [-5, -1, 6]},
			"faces": {
				"north": {"uv": [10.25, 3.75, 10.5, 4], "texture": "#0"},
				"east": {"uv": [8.5, 3.75, 10.25, 4], "texture": "#0"},
				"south": {"uv": [12.25, 3.75, 12.5, 4], "texture": "#0"},
				"west": {"uv": [10.5, 3.75, 12.25, 4], "texture": "#0"},
				"up": {"uv": [10.5, 3.75, 10.25, 2], "texture": "#0"},
				"down": {"uv": [10.75, 2, 10.5, 3.75], "texture": "#0"}
			}
		},
		{
			"name": "side thing",
			"from": [4, 1, 3],
			"to": [5, 2, 12],
			"rotation": {"angle": 0, "axis": "y", "origin": [-5, -3, 6]},
			"faces": {
				"north": {"uv": [7.25, 9.25, 7.5, 9.5], "texture": "#0"},
				"east": {"uv": [5, 9.25, 7.25, 9.5], "texture": "#0"},
				"south": {"uv": [9.75, 9.25, 10, 9.5], "texture": "#0"},
				"west": {"uv": [7.5, 9.25, 9.75, 9.5], "texture": "#0"},
				"up": {"uv": [7.5, 9.25, 7.25, 7], "texture": "#0"},
				"down": {"uv": [7.75, 7, 7.5, 9.25], "texture": "#0"}
			}
		},
		{
			"name": "side thing",
			"from": [11, 1, 3],
			"to": [12, 2, 12],
			"rotation": {"angle": 0, "axis": "y", "origin": [2, -3, 6]},
			"faces": {
				"north": {"uv": [7.25, 6.75, 7.5, 7], "texture": "#0"},
				"east": {"uv": [5, 6.75, 7.25, 7], "texture": "#0"},
				"south": {"uv": [9.75, 6.75, 10, 7], "texture": "#0"},
				"west": {"uv": [7.5, 6.75, 9.75, 7], "texture": "#0"},
				"up": {"uv": [7.5, 6.75, 7.25, 4.5], "texture": "#0"},
				"down": {"uv": [7.75, 4.5, 7.5, 6.75], "texture": "#0"}
			}
		},
		{
			"name": "side thing",
			"from": [11, 3, 4],
			"to": [12, 4, 11],
			"rotation": {"angle": 0, "axis": "y", "origin": [2, -1, 6]},
			"faces": {
				"north": {"uv": [10.25, 1.75, 10.5, 2], "texture": "#0"},
				"east": {"uv": [8.5, 1.75, 10.25, 2], "texture": "#0"},
				"south": {"uv": [12.25, 1.75, 12.5, 2], "texture": "#0"},
				"west": {"uv": [10.5, 1.75, 12.25, 2], "texture": "#0"},
				"up": {"uv": [10.5, 1.75, 10.25, 0], "texture": "#0"},
				"down": {"uv": [10.75, 0, 10.5, 1.75], "texture": "#0"}
			}
		},
		{
			"name": "side thing",
			"from": [11, 5, 3],
			"to": [12, 6, 12],
			"rotation": {"angle": 0, "axis": "y", "origin": [2, 1, 6]},
			"faces": {
				"north": {"uv": [2.25, 6.75, 2.5, 7], "texture": "#0"},
				"east": {"uv": [0, 6.75, 2.25, 7], "texture": "#0"},
				"south": {"uv": [4.75, 6.75, 5, 7], "texture": "#0"},
				"west": {"uv": [2.5, 6.75, 4.75, 7], "texture": "#0"},
				"up": {"uv": [2.5, 6.75, 2.25, 4.5], "texture": "#0"},
				"down": {"uv": [2.75, 4.5, 2.5, 6.75], "texture": "#0"}
			}
		},
		{
			"name": "back thing",
			"from": [6, 1, 1],
			"to": [10, 6, 2],
			"rotation": {"angle": 0, "axis": "y", "origin": [0, 0, 1]},
			"faces": {
				"north": {"uv": [6.75, 9.75, 7.75, 11], "texture": "#0"},
				"east": {"uv": [6.5, 9.75, 6.75, 11], "texture": "#0"},
				"south": {"uv": [8, 9.75, 9, 11], "texture": "#0"},
				"west": {"uv": [7.75, 9.75, 8, 11], "texture": "#0"},
				"up": {"uv": [7.75, 9.75, 6.75, 9.5], "texture": "#0"},
				"down": {"uv": [8.75, 9.5, 7.75, 9.75], "texture": "#0"}
			}
		}
	],
	"gui_light": "front",
	"display": {
		"thirdperson_righthand": {
			"rotation": [180, 0, 0],
			"translation": [0, -2, 4.25]
		},
		"thirdperson_lefthand": {
			"rotation": [180, 0, 0],
			"translation": [0, -2, 4.25]
		},
		"firstperson_righthand": {
			"rotation": [27, -163, -17],
			"translation": [0, 7, 6.5],
			"scale": [0.7, 0.7, 0.7]
		},
		"firstperson_lefthand": {
			"rotation": [27, -163, -17],
			"translation": [0, 7, 6.5],
			"scale": [0.7, 0.7, 0.7]
		},
		"ground": {
			"translation": [0, 5, 0]
		},
		"gui": {
			"rotation": [-90, 45, 90],
			"translation": [-3.5, 2.5, 0]
		},
		"head": {
			"rotation": [180, -45, 180],
			"translation": [0, 14.25, 0.75]
		},
		"fixed": {
			"rotation": [-90, -45, -90],
			"translation": [3.75, 2, -2]
		}
	},
	"groups": [
		{
			"name": "handles",
			"origin": [0, 3, 4],
			"color": 0,
			"children": [0, 1, 2, 3, 4, 5]
		},
		{
			"name": "drill head",
			"origin": [0, 0, 13],
			"color": 0,
			"children": [6, 7, 8, 9]
		},
		{
			"name": "drill base",
			"origin": [0, 0, 1],
			"color": 0,
			"children": [10, 11, 12, 13, 14, 15, 16, 17]
		}
	]
}