{
	"credit": "Made with Blockbench",
	"texture_size": [64, 64],
	"textures": {
		"0": "item/extra/sculk_lantern",
		"particle": "item/extra/sculk_lantern"
	},
	"elements": [
		{
			"name": "light",
			"from": [6, 1, 6],
			"to": [10, 11, 10],
			"rotation": {"angle": 0, "axis": "y", "origin": [7, 1, 7]},
			"faces": {
				"north": {"uv": [10.5, 1, 11.5, 3.5], "texture": "#0"},
				"east": {"uv": [9.5, 1, 10.5, 3.5], "texture": "#0"},
				"south": {"uv": [12.5, 1, 13.5, 3.5], "texture": "#0"},
				"west": {"uv": [11.5, 1, 12.5, 3.5], "texture": "#0"},
				"up": {"uv": [11.5, 1, 10.5, 0], "texture": "#0"},
				"down": {"uv": [12.5, 0, 11.5, 1], "texture": "#0"}
			}
		},
		{
			"name": "bone-pillar1",
			"from": [5, 1, 5],
			"to": [6, 11, 6],
			"rotation": {"angle": 0, "axis": "y", "origin": [5, 1, 5]},
			"faces": {
				"north": {"uv": [7.75, 4.75, 8, 7.25], "texture": "#0"},
				"east": {"uv": [7.5, 4.75, 7.75, 7.25], "texture": "#0"},
				"south": {"uv": [8.25, 4.75, 8.5, 7.25], "texture": "#0"},
				"west": {"uv": [8, 4.75, 8.25, 7.25], "texture": "#0"},
				"up": {"uv": [8, 4.75, 7.75, 4.5], "rotation": 90, "texture": "#0"},
				"down": {"uv": [8.25, 4.5, 8, 4.75], "texture": "#0"}
			}
		},
		{
			"name": "bone-pillar2",
			"from": [10, 1, 5],
			"to": [11, 11, 6],
			"rotation": {"angle": 0, "axis": "y", "origin": [10, 1, 5]},
			"faces": {
				"north": {"uv": [8.75, 4.75, 9, 7.25], "texture": "#0"},
				"east": {"uv": [8.5, 4.75, 8.75, 7.25], "texture": "#0"},
				"south": {"uv": [9.25, 4.75, 9.5, 7.25], "texture": "#0"},
				"west": {"uv": [9, 4.75, 9.25, 7.25], "texture": "#0"},
				"up": {"uv": [9, 4.75, 8.75, 4.5], "texture": "#0"},
				"down": {"uv": [9.25, 4.5, 9, 4.75], "texture": "#0"}
			}
		},
		{
			"name": "bone-pillar3",
			"from": [10, 1, 10],
			"to": [11, 11, 11],
			"rotation": {"angle": 0, "axis": "y", "origin": [10, 1, 10]},
			"faces": {
				"north": {"uv": [0.25, 8.25, 0.5, 10.75], "texture": "#0"},
				"east": {"uv": [0, 8.25, 0.25, 10.75], "texture": "#0"},
				"south": {"uv": [0.75, 8.25, 1, 10.75], "texture": "#0"},
				"west": {"uv": [0.5, 8.25, 0.75, 10.75], "texture": "#0"},
				"up": {"uv": [0.5, 8.25, 0.25, 8], "texture": "#0"},
				"down": {"uv": [0.75, 8, 0.5, 8.25], "texture": "#0"}
			}
		},
		{
			"name": "bone-pillar4",
			"from": [5, 1, 10],
			"to": [6, 11, 11],
			"rotation": {"angle": 0, "axis": "y", "origin": [5, 1, 10]},
			"faces": {
				"north": {"uv": [1.25, 8.25, 1.5, 10.75], "texture": "#0"},
				"east": {"uv": [1, 8.25, 1.25, 10.75], "texture": "#0"},
				"south": {"uv": [1.75, 8.25, 2, 10.75], "texture": "#0"},
				"west": {"uv": [1.5, 8.25, 1.75, 10.75], "texture": "#0"},
				"up": {"uv": [1.5, 8.25, 1.25, 8], "texture": "#0"},
				"down": {"uv": [1.75, 8, 1.5, 8.25], "texture": "#0"}
			}
		},
		{
			"from": [8, 14, 7],
			"to": [9, 17, 8],
			"rotation": {"angle": 0, "axis": "y", "origin": [9, 14, 6]},
			"faces": {
				"north": {"uv": [3.25, 8.25, 3.5, 9], "texture": "#0"},
				"east": {"uv": [3, 8.25, 3.25, 9], "texture": "#0"},
				"south": {"uv": [3.75, 8.25, 4, 9], "texture": "#0"},
				"west": {"uv": [3.5, 8.25, 3.75, 9], "texture": "#0"},
				"up": {"uv": [3.5, 8.25, 3.25, 8], "texture": "#0"},
				"down": {"uv": [3.75, 8, 3.5, 8.25], "texture": "#0"}
			}
		},
		{
			"from": [7, 13, 8],
			"to": [8, 16, 9],
			"rotation": {"angle": 0, "axis": "y", "origin": [8, 13, 7]},
			"faces": {
				"north": {"uv": [2.25, 8.25, 2.5, 9], "texture": "#0"},
				"east": {"uv": [2, 8.25, 2.25, 9], "texture": "#0"},
				"south": {"uv": [2.75, 8.25, 3, 9], "texture": "#0"},
				"west": {"uv": [2.5, 8.25, 2.75, 9], "texture": "#0"},
				"up": {"uv": [2.5, 8.25, 2.25, 8], "texture": "#0"},
				"down": {"uv": [2.75, 8, 2.5, 8.25], "texture": "#0"}
			}
		},
		{
			"from": [5, 0, 5],
			"to": [11, 1, 11],
			"rotation": {"angle": 0, "axis": "y", "origin": [7, 0, 7]},
			"faces": {
				"north": {"uv": [1.5, 1.5, 3, 1.75], "texture": "#0"},
				"east": {"uv": [0, 1.5, 1.5, 1.75], "texture": "#0"},
				"south": {"uv": [4.5, 1.5, 6, 1.75], "texture": "#0"},
				"west": {"uv": [3, 1.5, 4.5, 1.75], "texture": "#0"},
				"up": {"uv": [3, 1.5, 1.5, 0], "texture": "#0"},
				"down": {"uv": [4.5, 0, 3, 1.5], "texture": "#0"}
			}
		},
		{
			"from": [4, 1, 5],
			"to": [5, 2, 11],
			"rotation": {"angle": 0, "axis": "y", "origin": [6, 1, 7]},
			"faces": {
				"north": {"uv": [5.5, 5, 5.75, 5.25], "texture": "#0"},
				"east": {"uv": [4, 5, 5.5, 5.25], "texture": "#0"},
				"south": {"uv": [7.25, 5, 7.5, 5.25], "texture": "#0"},
				"west": {"uv": [5.75, 5, 7.25, 5.25], "texture": "#0"},
				"up": {"uv": [5.75, 5, 5.5, 3.5], "texture": "#0"},
				"down": {"uv": [6, 3.5, 5.75, 5], "texture": "#0"}
			}
		},
		{
			"from": [11, 1, 5],
			"to": [12, 2, 11],
			"rotation": {"angle": 0, "axis": "y", "origin": [13, 1, 7]},
			"faces": {
				"north": {"uv": [5.5, 6.75, 5.75, 7], "texture": "#0"},
				"east": {"uv": [4, 6.75, 5.5, 7], "texture": "#0"},
				"south": {"uv": [7.25, 6.75, 7.5, 7], "texture": "#0"},
				"west": {"uv": [5.75, 6.75, 7.25, 7], "texture": "#0"},
				"up": {"uv": [5.75, 6.75, 5.5, 5.25], "texture": "#0"},
				"down": {"uv": [6, 5.25, 5.75, 6.75], "texture": "#0"}
			}
		},
		{
			"from": [5, 1, 4],
			"to": [11, 2, 5],
			"rotation": {"angle": 0, "axis": "y", "origin": [8, 1.5, 4.5]},
			"faces": {
				"north": {"uv": [4.25, 7.25, 5.75, 7.5], "texture": "#0"},
				"east": {"uv": [4, 7.25, 4.25, 7.5], "texture": "#0"},
				"south": {"uv": [6, 7.25, 7.5, 7.5], "texture": "#0"},
				"west": {"uv": [5.75, 7.25, 6, 7.5], "texture": "#0"},
				"up": {"uv": [5.75, 7.25, 4.25, 7], "texture": "#0"},
				"down": {"uv": [7.25, 7, 5.75, 7.25], "texture": "#0"}
			}
		},
		{
			"from": [5, 1, 11],
			"to": [11, 2, 12],
			"rotation": {"angle": 0, "axis": "y", "origin": [8, 1.5, 11.5]},
			"faces": {
				"north": {"uv": [7.75, 3.75, 9.25, 4], "texture": "#0"},
				"east": {"uv": [7.5, 3.75, 7.75, 4], "texture": "#0"},
				"south": {"uv": [9.5, 3.75, 11, 4], "texture": "#0"},
				"west": {"uv": [9.25, 3.75, 9.5, 4], "texture": "#0"},
				"up": {"uv": [9.25, 3.75, 7.75, 3.5], "texture": "#0"},
				"down": {"uv": [10.75, 3.5, 9.25, 3.75], "texture": "#0"}
			}
		},
		{
			"from": [5, 11, 5],
			"to": [11, 12, 11],
			"rotation": {"angle": 0, "axis": "y", "origin": [7, 11, 7]},
			"faces": {
				"north": {"uv": [1.5, 3.25, 3, 3.5], "texture": "#0"},
				"east": {"uv": [0, 3.25, 1.5, 3.5], "texture": "#0"},
				"south": {"uv": [4.5, 3.25, 6, 3.5], "texture": "#0"},
				"west": {"uv": [3, 3.25, 4.5, 3.5], "texture": "#0"},
				"up": {"uv": [3, 3.25, 1.5, 1.75], "texture": "#0"},
				"down": {"uv": [4.5, 1.75, 3, 3.25], "texture": "#0"}
			}
		},
		{
			"from": [6, 12, 6],
			"to": [10, 13, 10],
			"rotation": {"angle": 0, "axis": "y", "origin": [7, 12, 7]},
			"faces": {
				"north": {"uv": [1, 7.75, 2, 8], "texture": "#0"},
				"east": {"uv": [0, 7.75, 1, 8], "texture": "#0"},
				"south": {"uv": [3, 7.75, 4, 8], "texture": "#0"},
				"west": {"uv": [2, 7.75, 3, 8], "texture": "#0"},
				"up": {"uv": [2, 7.75, 1, 6.75], "texture": "#0"},
				"down": {"uv": [3, 6.75, 2, 7.75], "texture": "#0"}
			}
		},
		{
			"from": [4, 10, 5],
			"to": [5, 11, 11],
			"rotation": {"angle": 0, "axis": "y", "origin": [6, 10, 7]},
			"faces": {
				"north": {"uv": [7.5, 3.25, 7.75, 3.5], "texture": "#0"},
				"east": {"uv": [6, 3.25, 7.5, 3.5], "texture": "#0"},
				"south": {"uv": [9.25, 3.25, 9.5, 3.5], "texture": "#0"},
				"west": {"uv": [7.75, 3.25, 9.25, 3.5], "texture": "#0"},
				"up": {"uv": [7.75, 3.25, 7.5, 1.75], "texture": "#0"},
				"down": {"uv": [8, 1.75, 7.75, 3.25], "texture": "#0"}
			}
		},
		{
			"from": [5, 10, 11],
			"to": [11, 11, 12],
			"rotation": {"angle": 0, "axis": "y", "origin": [8, 10.5, 11.5]},
			"faces": {
				"north": {"uv": [7.75, 4.25, 9.25, 4.5], "texture": "#0"},
				"east": {"uv": [7.5, 4.25, 7.75, 4.5], "texture": "#0"},
				"south": {"uv": [9.5, 4.25, 11, 4.5], "texture": "#0"},
				"west": {"uv": [9.25, 4.25, 9.5, 4.5], "texture": "#0"},
				"up": {"uv": [9.25, 4.25, 7.75, 4], "texture": "#0"},
				"down": {"uv": [10.75, 4, 9.25, 4.25], "texture": "#0"}
			}
		},
		{
			"from": [11, 10, 5],
			"to": [12, 11, 11],
			"rotation": {"angle": 0, "axis": "y", "origin": [13, 10, 7]},
			"faces": {
				"north": {"uv": [7.5, 1.5, 7.75, 1.75], "texture": "#0"},
				"east": {"uv": [6, 1.5, 7.5, 1.75], "texture": "#0"},
				"south": {"uv": [9.25, 1.5, 9.5, 1.75], "texture": "#0"},
				"west": {"uv": [7.75, 1.5, 9.25, 1.75], "texture": "#0"},
				"up": {"uv": [7.75, 1.5, 7.5, 0], "texture": "#0"},
				"down": {"uv": [8, 0, 7.75, 1.5], "texture": "#0"}
			}
		},
		{
			"from": [5, 10, 4],
			"to": [11, 11, 5],
			"rotation": {"angle": 0, "axis": "y", "origin": [8, 10.5, 4.5]},
			"faces": {
				"north": {"uv": [4.25, 7.75, 5.75, 8], "texture": "#0"},
				"east": {"uv": [4, 7.75, 4.25, 8], "texture": "#0"},
				"south": {"uv": [6, 7.75, 7.5, 8], "texture": "#0"},
				"west": {"uv": [5.75, 7.75, 6, 8], "texture": "#0"},
				"up": {"uv": [5.75, 7.75, 4.25, 7.5], "texture": "#0"},
				"down": {"uv": [7.25, 7.5, 5.75, 7.75], "texture": "#0"}
			}
		}
	],
	"gui_light": "front",
	"display": {
		"thirdperson_righthand": {
			"rotation": [73, 0, 0],
			"translation": [0, -3.5, -4.75],
			"scale": [0.6, 0.6, 0.6]
		},
		"thirdperson_lefthand": {
			"rotation": [73, 0, 0],
			"translation": [0, -3.5, -4.75],
			"scale": [0.6, 0.6, 0.6]
		},
		"firstperson_righthand": {
			"rotation": [12.77, 11.52, -2.52],
			"translation": [2.75, 1, 0]
		},
		"firstperson_lefthand": {
			"rotation": [12.77, 11.52, -2.52],
			"translation": [2.75, 1, 0]
		},
		"ground": {
			"translation": [0, 3, 0],
			"scale": [0.6, 0.6, 0.6]
		},
		"gui": {
			"scale": [0.9, 0.7, 0.8]
		},
		"head": {
			"translation": [0, 11, 0],
			"scale": [0.6, 0.6, 0.6]
		},
		"fixed": {
			"translation": [0, 0, -1]
		}
	},
	"groups": [
		0,
		1,
		2,
		3,
		4,
		{
			"name": "handle",
			"origin": [8, 12, 7],
			"color": 0,
			"children": [5, 6]
		},
		{
			"name": "base-bottom",
			"origin": [8, 8, 8],
			"color": 0,
			"children": [7, 8, 9, 10, 11]
		},
		{
			"name": "base-top",
			"origin": [8, 8, 8],
			"color": 0,
			"children": [12, 13, 14, 15, 16, 17]
		}
	]
}