{
    "parent": "item/generated",
    "textures": {
        "layer0": "item/elytra"
    },
    "overrides": [
	{ "predicate": {"custom_model_data": 1}, "model": "item/broken_elytra"},
	{ "predicate": {"custom_model_data": 2}, "model": "item/extra/beacon_elytra"},
    { "predicate": {"custom_model_data": 3}, "model": "item/extra/elytra_upgrade_1"},
    { "predicate": {"custom_model_data": 4}, "model": "item/hades/hades_wings"},
        {
            "predicate": {
                "broken": 1
            },
            "model": "item/broken_elytra"
        }
    ]
}
