{
    "parent": "item/handheld_rod",
	"textures": {
		"layer0": "item/fishing_rod"
	},
    "overrides": [
		{ "predicate": {"cast": 1}, "model": "item/rods/fishing_rod_cast"},
        { "predicate": {"custom_model_data": 1}, "model": "item/rods/reinforced_fishing_rod"},
		{ "predicate": {"custom_model_data": 1, "cast": 1}, "model": "item/rods/reinforced_fishing_rod_cast"},
        { "predicate": {"custom_model_data": 2}, "model": "item/rods/fleshcatcher_fishing_rod"},
		{ "predicate": {"custom_model_data": 2, "cast": 1}, "model": "item/rods/fleshcatcher_fishing_rod_cast"},
        { "predicate": {"custom_model_data": 3}, "model": "item/rods/chum_caster_fishing_rod"},
		{ "predicate": {"custom_model_data": 3, "cast": 1}, "model": "item/rods/chum_caster_fishing_rod_cast"},
        { "predicate": {"custom_model_data": 4}, "model": "item/rods/fiberglass_fishing_rod"},
		{ "predicate": {"custom_model_data": 4, "cast": 1}, "model": "item/rods/fiberglass_fishing_rod_cast"},
        { "predicate": {"custom_model_data": 5}, "model": "item/rods/mechanics_fishing_rod"},
		{ "predicate": {"custom_model_data": 5, "cast": 1}, "model": "item/rods/mechanics_fishing_rod_cast"},
        { "predicate": {"custom_model_data": 6}, "model": "item/rods/sitting_ducks_fishing_rod"},
		{ "predicate": {"custom_model_data": 6, "cast": 1}, "model": "item/rods/sitting_ducks_fishing_rod_cast"},
        { "predicate": {"custom_model_data": 7}, "model": "item/rods/golden_fishing_rod"},
		{ "predicate": {"custom_model_data": 7, "cast": 1}, "model": "item/rods/golden_fishing_rod_cast"},
		{ "predicate": {"custom_model_data": 8}, "model": "item/grappling_hook"},
		{ "predicate": {"custom_model_data": 8, "cast": 1}, "model": "item/grappling_hook_shot"},
		{ "predicate": {"custom_model_data": 9}, "model": "item/rods/windy_fishing_rod"},
		{ "predicate": {"custom_model_data": 9, "cast": 1}, "model": "item/rods/windy_fishing_rod_cast"},
		{ "predicate": {"custom_model_data": 10}, "model": "item/rods/literally_a_tree_branch"},
		{ "predicate": {"custom_model_data": 10, "cast": 1}, "model": "item/rods/literally_a_tree_branch_cast"},
		{ "predicate": {"custom_model_data": 11}, "model": "item/rods/relic_fishing_rod"},
		{ "predicate": {"custom_model_data": 11, "cast": 1}, "model": "item/rods/relic_fishing_rod_cast"},
		{ "predicate": {"custom_model_data": 12}, "model": "item/rods/aquatic_fishing_rod"},
		{ "predicate": {"custom_model_data": 12, "cast": 1}, "model": "item/rods/aquatic_fishing_rod_cast"},
		{ "predicate": {"custom_model_data": 13}, "model": "item/rods/prismatic_fishing_rod"},
		{ "predicate": {"custom_model_data": 13, "cast": 1}, "model": "item/rods/prismatic_fishing_rod_cast"}

    ]
}