{
    "parent": "item/handheld",
    "textures": {
        "layer0": "item/netherite_sword"
    },
	"overrides": [
		{
			"predicate": { "custom_model_data": 1 },
			"model": "item/emerald/emerald_sword"
		},
		{
			"predicate": { "custom_model_data": 2 },
			"model": "item/sapphire/sapphire_sword"
		},
		{
			"predicate": { "custom_model_data": 3 },
			"model": "item/ruby/ruby_sword"
		},
		{
			"predicate": { "custom_model_data": 4 },
			"model": "item/amethyst/amethyst_sword"
		},
		{
			"predicate": { "custom_model_data": 5 },
			"model": "item/obsidian/obsidian_sword"
		},
		{
			"predicate": { "custom_model_data": 6 },
			"model": "item/ice/ice_sword"
		},
		{
			"predicate": { "custom_model_data": 7 },
			"model": "item/ice/glacier_sword"
		},
		{
			"predicate": { "custom_model_data": 8 },
			"model": "item/mummy/bone_sword"
		},
		{
			"predicate": { "custom_model_data": 9 },
			"model": "item/mummy/mummy_sword"
		},
		{
			"predicate": { "custom_model_data": 10 },
			"model": "item/magma/ashen_sword"
		},
		{
			"predicate": { "custom_model_data": 11 },
			"model": "item/magma/molten_sword"
		},
		{
			"predicate": { "custom_model_data": 12 },
			"model": "item/magma/magma_sword"
		},
		{
			"predicate": { "custom_model_data": 13 },
			"model": "item/light/light_scythe"
		},
		{
			"predicate": { "custom_model_data": 14 },
			"model": "item/luminous/luminous_scythe"
		},
		{
			"predicate": { "custom_model_data": 15 },
			"model": "item/shadow/shadow_scythe"
		},
		{
			"predicate": { "custom_model_data": 16 },
			"model": "item/void/void_scythe"
		},
		{
			"predicate": { "custom_model_data": 17 },
			"model": "item/victorian/victorian_sword"
		},
		{
			"predicate": { "custom_model_data": 18 },
			"model": "item/steampunk/steampunk_sword"
		},
		{
			"predicate": { "custom_model_data": 19 },
			"model": "item/jungle/jungle_sword"
		},
		{
			"predicate": { "custom_model_data": 20 },
			"model": "item/tarzan/tarzan_sword"
		},
		{
			"predicate": { "custom_model_data": 21 },
			"model": "item/angel/angel_sword"
		},
		{
			"predicate": { "custom_model_data": 22 },
			"model": "item/archangel/archangel_sword"
		},
		{
			"predicate": { "custom_model_data": 23 },
			"model": "item/trumpeteer/trumpeteer_sword"
		},
		{
			"predicate": { "custom_model_data": 24 },
			"model": "item/miner/miner_sword"
		},
		{
			"predicate": { "custom_model_data": 25 },
			"model": "item/skulk/skulk_sword"
		},
		{
			"predicate": { "custom_model_data": 26 },
			"model": "item/warden/warden_blade"
		},
		{
			"predicate": { "custom_model_data": 27 },
			"model": "item/obsidian/crying_obsidian_sword"
		},
		{
			"predicate": { "custom_model_data": 50 },
			"model": "item/extra/pickle_rick"
		},
		{
			"predicate": { "custom_model_data": 51 },
			"model": "item/extra/spring_sword"
		},
		{
			"predicate": { "custom_model_data": 52 },
			"model": "item/extra/summer_sword"
		},
		{
			"predicate": { "custom_model_data": 53 },
			"model": "item/mummy/pharaoh_scythe"
		},
		{
			"predicate": { "custom_model_data": 54 },
			"model": "item/extra/the_bungel"
		}
	]
}