{
	"credit": "Made with Blockbench",
	"textures": {
		"particle": "item/chess/black_piece"
	},
	"elements": [
		{
			"from": [5, 0, 5],
			"to": [11, 4, 11],
			"faces": {
				"north": {"uv": [0, 0, 6, 2], "texture": "#particle"},
				"east": {"uv": [0, 0, 6, 2], "texture": "#particle"},
				"south": {"uv": [0, 0, 6, 2], "texture": "#particle"},
				"west": {"uv": [0, 0, 6, 2], "texture": "#particle"},
				"up": {"uv": [0, 0, 6, 6], "texture": "#particle"},
				"down": {"uv": [0, 0, 6, 6], "texture": "#particle"}
			}
		},
		{
			"from": [6, 10, 6],
			"to": [10, 13, 10],
			"faces": {
				"north": {"uv": [0, 0, 4, 3], "texture": "#particle"},
				"east": {"uv": [0, 0, 4, 3], "texture": "#particle"},
				"south": {"uv": [0, 0, 4, 3], "texture": "#particle"},
				"west": {"uv": [0, 0, 4, 3], "texture": "#particle"},
				"up": {"uv": [0, 0, 4, 4], "texture": "#particle"},
				"down": {"uv": [0, 0, 4, 4], "texture": "#particle"}
			}
		},
		{
			"from": [6, 13, 6],
			"to": [7, 14, 7],
			"faces": {
				"north": {"uv": [0, 0, 1, 1], "texture": "#particle"},
				"east": {"uv": [0, 0, 1, 1], "texture": "#particle"},
				"south": {"uv": [0, 0, 1, 1], "texture": "#particle"},
				"west": {"uv": [0, 0, 1, 1], "texture": "#particle"},
				"up": {"uv": [0, 0, 1, 1], "texture": "#particle"},
				"down": {"uv": [0, 0, 1, 1], "texture": "#particle"}
			}
		},
		{
			"from": [9, 13, 9],
			"to": [10, 14, 10],
			"faces": {
				"north": {"uv": [0, 0, 1, 1], "texture": "#particle"},
				"east": {"uv": [0, 0, 1, 1], "texture": "#particle"},
				"south": {"uv": [0, 0, 1, 1], "texture": "#particle"},
				"west": {"uv": [0, 0, 1, 1], "texture": "#particle"},
				"up": {"uv": [0, 0, 1, 1], "texture": "#particle"},
				"down": {"uv": [0, 0, 1, 1], "texture": "#particle"}
			}
		},
		{
			"from": [6, 13, 8],
			"to": [7, 14, 9],
			"faces": {
				"north": {"uv": [0, 0, 1, 1], "texture": "#particle"},
				"east": {"uv": [0, 0, 1, 1], "texture": "#particle"},
				"south": {"uv": [0, 0, 1, 1], "texture": "#particle"},
				"west": {"uv": [0, 0, 1, 1], "texture": "#particle"},
				"up": {"uv": [0, 0, 1, 1], "texture": "#particle"},
				"down": {"uv": [0, 0, 1, 1], "texture": "#particle"}
			}
		},
		{
			"from": [6, 13, 9],
			"to": [8, 14, 10],
			"faces": {
				"north": {"uv": [0, 0, 2, 1], "texture": "#particle"},
				"east": {"uv": [0, 0, 1, 1], "texture": "#particle"},
				"south": {"uv": [0, 0, 2, 1], "texture": "#particle"},
				"west": {"uv": [0, 0, 1, 1], "texture": "#particle"},
				"up": {"uv": [0, 0, 2, 1], "texture": "#particle"},
				"down": {"uv": [0, 0, 2, 1], "texture": "#particle"}
			}
		},
		{
			"from": [9, 13, 7],
			"to": [10, 14, 8],
			"faces": {
				"north": {"uv": [0, 0, 1, 1], "texture": "#particle"},
				"east": {"uv": [0, 0, 1, 1], "texture": "#particle"},
				"south": {"uv": [0, 0, 1, 1], "texture": "#particle"},
				"west": {"uv": [0, 0, 1, 1], "texture": "#particle"},
				"up": {"uv": [0, 0, 1, 1], "texture": "#particle"},
				"down": {"uv": [0, 0, 1, 1], "texture": "#particle"}
			}
		},
		{
			"from": [8, 13, 6],
			"to": [10, 14, 7],
			"faces": {
				"north": {"uv": [0, 0, 2, 1], "texture": "#particle"},
				"east": {"uv": [0, 0, 1, 1], "texture": "#particle"},
				"south": {"uv": [0, 0, 2, 1], "texture": "#particle"},
				"west": {"uv": [0, 0, 1, 1], "texture": "#particle"},
				"up": {"uv": [0, 0, 2, 1], "texture": "#particle"},
				"down": {"uv": [0, 0, 2, 1], "texture": "#particle"}
			}
		},
		{
			"from": [6, 4, 6],
			"to": [10, 7, 10],
			"faces": {
				"north": {"uv": [0, 0, 4, 2], "texture": "#particle"},
				"east": {"uv": [0, 0, 4, 2], "texture": "#particle"},
				"south": {"uv": [0, 0, 4, 2], "texture": "#particle"},
				"west": {"uv": [0, 0, 4, 2], "texture": "#particle"},
				"up": {"uv": [0, 0, 4, 4], "texture": "#particle"},
				"down": {"uv": [0, 0, 4, 4], "texture": "#particle"}
			}
		},
		{
			"from": [6.5, 7, 6.5],
			"to": [9.5, 10, 9.5],
			"faces": {
				"north": {"uv": [0, 0, 3, 6], "texture": "#particle"},
				"east": {"uv": [0, 0, 3, 6], "texture": "#particle"},
				"south": {"uv": [0, 0, 3, 6], "texture": "#particle"},
				"west": {"uv": [0, 0, 3, 6], "texture": "#particle"},
				"up": {"uv": [0, 0, 3, 3], "texture": "#particle"},
				"down": {"uv": [0, 0, 3, 3], "texture": "#particle"}
			}
		}
	]
}