{
	"credit": "Made with Blockbench",
	"textures": {
		"1": "item/chess/white_piece",
		"particle": "item/chess/black_piece"
	},
	"elements": [
		{
			"from": [5, 0, 5],
			"to": [11, 2, 11],
			"faces": {
				"north": {"uv": [0, 0, 6, 2], "texture": "#1"},
				"east": {"uv": [0, 0, 6, 2], "texture": "#1"},
				"south": {"uv": [0, 0, 6, 2], "texture": "#1"},
				"west": {"uv": [0, 0, 6, 2], "texture": "#1"},
				"up": {"uv": [0, 0, 6, 6], "texture": "#1"},
				"down": {"uv": [0, 0, 6, 6], "texture": "#1"}
			}
		},
		{
			"from": [6.25, 2, 6.25],
			"to": [9.75, 4, 9.75],
			"faces": {
				"north": {"uv": [0, 0, 3.5, 2], "texture": "#1"},
				"east": {"uv": [0, 0, 3.5, 2], "texture": "#1"},
				"south": {"uv": [0, 0, 3.5, 2], "texture": "#1"},
				"west": {"uv": [0, 0, 3.5, 2], "texture": "#1"},
				"up": {"uv": [0, 0, 3.5, 3.5], "texture": "#1"},
				"down": {"uv": [0, 0, 3.5, 3.5], "texture": "#1"}
			}
		},
		{
			"from": [5.825, 4, 5.825],
			"to": [10.075, 8, 10.075],
			"faces": {
				"north": {"uv": [0, 0, 4.25, 4], "texture": "#1"},
				"east": {"uv": [0, 0, 4.25, 4], "texture": "#1"},
				"south": {"uv": [0, 0, 4.25, 4], "texture": "#1"},
				"west": {"uv": [0, 0, 4.25, 4], "texture": "#1"},
				"up": {"uv": [0, 0, 4.25, 4.25], "texture": "#1"},
				"down": {"uv": [0, 0, 4.25, 4.25], "texture": "#1"}
			}
		},
		{
			"from": [5.825, 8, 6.825],
			"to": [10.075, 9, 11.075],
			"faces": {
				"north": {"uv": [0, 0, 4.25, 1], "texture": "#1"},
				"east": {"uv": [0, 0, 4.25, 1], "texture": "#1"},
				"south": {"uv": [0, 0, 4.25, 1], "texture": "#1"},
				"west": {"uv": [0, 0, 4.25, 1], "texture": "#1"},
				"up": {"uv": [0, 0, 4.25, 4.25], "texture": "#1"},
				"down": {"uv": [0, 0, 4.25, 4.25], "texture": "#1"}
			}
		},
		{
			"from": [5.825, 9, 4.825],
			"to": [10.075, 12, 11.075],
			"faces": {
				"north": {"uv": [0, 0, 4.25, 3], "texture": "#1"},
				"east": {"uv": [0, 0, 6.25, 3], "texture": "#1"},
				"south": {"uv": [0, 0, 4.25, 3], "texture": "#1"},
				"west": {"uv": [0, 0, 6.25, 3], "texture": "#1"},
				"up": {"uv": [0, 0, 4.25, 6.25], "texture": "#1"},
				"down": {"uv": [0, 0, 4.25, 6.25], "texture": "#1"}
			}
		},
		{
			"from": [5.825, 12, 8.825],
			"to": [7.075, 14, 10.075],
			"faces": {
				"north": {"uv": [0, 0, 1.25, 2], "texture": "#1"},
				"east": {"uv": [0, 0, 1.25, 2], "texture": "#1"},
				"south": {"uv": [0, 0, 1.25, 2], "texture": "#1"},
				"west": {"uv": [0, 0, 1.25, 2], "texture": "#1"},
				"up": {"uv": [0, 0, 1.25, 1.25], "texture": "#1"},
				"down": {"uv": [0, 0, 1.25, 1.25], "texture": "#1"}
			}
		},
		{
			"from": [8.825, 12, 8.825],
			"to": [10.075, 14, 10.075],
			"faces": {
				"north": {"uv": [0, 0, 1.25, 2], "texture": "#1"},
				"east": {"uv": [0, 0, 1.25, 2], "texture": "#1"},
				"south": {"uv": [0, 0, 1.25, 2], "texture": "#1"},
				"west": {"uv": [0, 0, 1.25, 2], "texture": "#1"},
				"up": {"uv": [0, 0, 1.25, 1.25], "texture": "#1"},
				"down": {"uv": [0, 0, 1.25, 1.25], "texture": "#1"}
			}
		},
		{
			"from": [5.825, 5, 10],
			"to": [10.075, 8, 11],
			"faces": {
				"north": {"uv": [0, 0, 4.25, 3], "texture": "#1"},
				"east": {"uv": [0, 0, 1, 3], "texture": "#1"},
				"south": {"uv": [0, 0, 4.25, 3], "texture": "#1"},
				"west": {"uv": [0, 0, 1, 3], "texture": "#1"},
				"up": {"uv": [0, 0, 4.25, 1], "texture": "#1"},
				"down": {"uv": [0, 0, 4.25, 1], "texture": "#1"}
			}
		}
	]
}