{
	"credit": "Made with Blockbench",
	"texture_size": [32, 32],
	"textures": {
		"0": "item/extra/comicallylargespoon",
		"particle": "item/extra/comicallylargespoon"
	},
	"elements": [
		{
			"from": [7.5, -11, 7.5],
			"to": [8.5, 8, 8.5],
			"faces": {
				"north": {"uv": [0, 0, 0.5, 10.5], "texture": "#0"},
				"east": {"uv": [0.5, 0, 1, 10.5], "texture": "#0"},
				"south": {"uv": [1, 0, 1.5, 10.5], "texture": "#0"},
				"west": {"uv": [1.5, 0, 2, 10.5], "texture": "#0"},
				"up": {"uv": [2.5, 0.5, 2, 0], "texture": "#0"},
				"down": {"uv": [2.5, 0.5, 2, 1], "texture": "#0"}
			}
		},
		{
			"from": [7, 8, 7.5],
			"to": [9, 9, 8.5],
			"faces": {
				"north": {"uv": [0, 0, 0.5, 10.5], "texture": "#0"},
				"east": {"uv": [0.5, 0, 1, 10.5], "texture": "#0"},
				"south": {"uv": [1, 0, 1.5, 10.5], "texture": "#0"},
				"west": {"uv": [1.5, 0, 2, 10.5], "texture": "#0"},
				"up": {"uv": [2.5, 0.5, 2, 0], "texture": "#0"},
				"down": {"uv": [2.5, 0.5, 2, 1], "texture": "#0"}
			}
		},
		{
			"from": [5, 9, 7.5],
			"to": [11, 10, 8.5],
			"faces": {
				"north": {"uv": [0, 0, 0.5, 10.5], "texture": "#0"},
				"east": {"uv": [0.5, 0, 1, 10.5], "texture": "#0"},
				"south": {"uv": [1, 0, 1.5, 10.5], "texture": "#0"},
				"west": {"uv": [1.5, 0, 2, 10.5], "texture": "#0"},
				"up": {"uv": [2.5, 0.5, 2, 0], "texture": "#0"},
				"down": {"uv": [2.5, 0.5, 2, 1], "texture": "#0"}
			}
		},
		{
			"from": [5, 19, 7.5],
			"to": [11, 20, 8.5],
			"faces": {
				"north": {"uv": [0, 0, 0.5, 10.5], "texture": "#0"},
				"east": {"uv": [0.5, 0, 1, 10.5], "texture": "#0"},
				"south": {"uv": [1, 0, 1.5, 10.5], "texture": "#0"},
				"west": {"uv": [1.5, 0, 2, 10.5], "texture": "#0"},
				"up": {"uv": [2.5, 0.5, 2, 0], "texture": "#0"},
				"down": {"uv": [2.5, 0.5, 2, 1], "texture": "#0"}
			}
		},
		{
			"from": [5, 10, 8],
			"to": [11, 19, 9],
			"faces": {
				"north": {"uv": [0.5, 11, 3.5, 15.5], "texture": "#0"},
				"east": {"uv": [0, 0, 0.5, 5.5], "texture": "#0"},
				"south": {"uv": [4.5, 11, 7.5, 15.5], "texture": "#0"},
				"west": {"uv": [0, 0, 0.5, 5.5], "texture": "#0"},
				"up": {"uv": [0, 10.5, 4, 11], "texture": "#0"},
				"down": {"uv": [4, 16, 8, 15.5], "texture": "#0"}
			}
		},
		{
			"from": [11, 10, 7.5],
			"to": [12, 19, 8.5],
			"faces": {
				"north": {"uv": [0, 10.5, 0.5, 16], "texture": "#0"},
				"east": {"uv": [0, 0, 0.5, 5.5], "texture": "#0"},
				"south": {"uv": [0, 10.5, 0.5, 16], "texture": "#0"},
				"west": {"uv": [0, 0, 0.5, 5.5], "texture": "#0"},
				"up": {"uv": [0, 10.5, 0.5, 11], "texture": "#0"},
				"down": {"uv": [0, 15.5, 0.5, 16], "texture": "#0"}
			}
		},
		{
			"from": [4, 10, 7.5],
			"to": [5, 19, 8.5],
			"faces": {
				"north": {"uv": [3.5, 10.5, 4, 16], "texture": "#0"},
				"east": {"uv": [0, 0, 0.5, 5.5], "texture": "#0"},
				"south": {"uv": [3.5, 10.5, 4, 16], "texture": "#0"},
				"west": {"uv": [0, 0, 0.5, 5.5], "texture": "#0"},
				"up": {"uv": [3.5, 10.5, 4, 11], "texture": "#0"},
				"down": {"uv": [3.5, 15.5, 4, 16], "texture": "#0"}
			}
		}
	],
	"display": {
		"thirdperson_righthand": {
			"rotation": [0, 90, 0],
			"translation": [0, 50, 1],
			"scale": [4, 4, 4]
		},
		"thirdperson_lefthand": {
			"rotation": [0, 90, 0],
			"translation": [0, 50, 1],
			"scale": [4, 4, 4]
		},
		"firstperson_righthand": {
			"rotation": [0, 90, -15],
			"translation": [2, 9, 0]
		},
		"firstperson_lefthand": {
			"rotation": [0, 90, -15],
			"translation": [2, 9, 0]
		},
		"ground": {
			"translation": [0, 15, 0]
		},
		"gui": {
			"rotation": [32, 139, 20],
			"translation": [0.5, 1, 0],
			"scale": [0.6, 0.6, 0.6]
		},
		"head": {
			"translation": [0, 80, 0],
			"scale": [4, 4, 4]
		},
		"fixed": {
			"translation": [0, 8, -1.5],
			"scale": [4, 4, 4]
		}
	}
}