{
	"credit": "Made with Blockbench",
	"textures": {
		"0": "archangel_layer_1",
		"particle": "archangel_layer_1"
	},
	"elements": [
		{
			"from": [4, 0, 4],
			"to": [12, 8, 4],
			"faces": {
				"north": {"uv": [2, 6, 4, 8], "texture": "#0"},
				"east": {"uv": [2, 6, 4, 8], "texture": "#0"},
				"south": {"uv": [2, 6, 4, 8], "texture": "#0"},
				"west": {"uv": [2, 6, 4, 8], "texture": "#0"},
				"up": {"uv": [2, 6, 4, 8], "texture": "#0"},
				"down": {"uv": [2, 6, 4, 8], "texture": "#0"}
			}
		},
		{
			"from": [4, 0, 4],
			"to": [4, 8, 12],
			"faces": {
				"north": {"uv": [4, 6, 6, 8], "texture": "#0"},
				"east": {"uv": [0, 6, 2, 8], "texture": "#0"},
				"south": {"uv": [4, 6, 6, 8], "texture": "#0"},
				"west": {"uv": [4, 6, 6, 8], "texture": "#0"},
				"up": {"uv": [4, 6, 6, 8], "texture": "#0"},
				"down": {"uv": [4, 6, 6, 8], "texture": "#0"}
			}
		},
		{
			"from": [3.75, 2, 6],
			"to": [3.75, 12, 14],
			"faces": {
				"north": {"uv": [4, 6, 6, 8], "texture": "#0"},
				"east": {"uv": [10.75, 5.75, 12.5, 8], "texture": "#0"},
				"south": {"uv": [4, 6, 6, 8], "texture": "#0"},
				"west": {"uv": [8, 5.75, 9.75, 8], "texture": "#0"},
				"up": {"uv": [4, 6, 6, 8], "texture": "#0"},
				"down": {"uv": [4, 6, 6, 8], "texture": "#0"}
			}
		},
		{
			"from": [12.25, 2, 6],
			"to": [12.25, 12, 14],
			"faces": {
				"north": {"uv": [4, 6, 6, 8], "texture": "#0"},
				"east": {"uv": [10.75, 5.75, 12.5, 8], "texture": "#0"},
				"south": {"uv": [4, 6, 6, 8], "texture": "#0"},
				"west": {"uv": [8, 5.75, 9.75, 8], "texture": "#0"},
				"up": {"uv": [4, 6, 6, 8], "texture": "#0"},
				"down": {"uv": [4, 6, 6, 8], "texture": "#0"}
			}
		},
		{
			"from": [12, 0, 4],
			"to": [12, 8, 12],
			"faces": {
				"north": {"uv": [0, 6, 2, 8], "texture": "#0"},
				"east": {"uv": [0, 6, 2, 8], "texture": "#0"},
				"south": {"uv": [0, 6, 2, 8], "texture": "#0"},
				"west": {"uv": [4, 6, 6, 8], "texture": "#0"},
				"up": {"uv": [0, 6, 2, 8], "texture": "#0"},
				"down": {"uv": [0, 6, 2, 8], "texture": "#0"}
			}
		},
		{
			"from": [4, 8, 4],
			"to": [12, 8, 12],
			"faces": {
				"north": {"uv": [2, 4, 4, 6], "rotation": 270, "texture": "#0"},
				"east": {"uv": [2, 4, 4, 6], "rotation": 270, "texture": "#0"},
				"south": {"uv": [2, 4, 4, 6], "rotation": 270, "texture": "#0"},
				"west": {"uv": [2, 4, 4, 6], "rotation": 270, "texture": "#0"},
				"up": {"uv": [2, 4, 4, 6], "rotation": 270, "texture": "#0"},
				"down": {"uv": [2, 4, 4, 6], "rotation": 270, "texture": "#0"}
			}
		},
		{
			"from": [4, 9, 4],
			"to": [12, 9, 12],
			"faces": {
				"north": {"uv": [13, 4.75, 15.5, 7.25], "rotation": 270, "texture": "#0"},
				"east": {"uv": [13, 4.75, 15.5, 7.25], "rotation": 270, "texture": "#0"},
				"south": {"uv": [13, 4.75, 15.5, 7.25], "rotation": 270, "texture": "#0"},
				"west": {"uv": [13, 4.75, 15.5, 7.25], "rotation": 270, "texture": "#0"},
				"up": {"uv": [13, 4.75, 15.5, 7.25], "rotation": 270, "texture": "#0"},
				"down": {"uv": [13, 4.75, 15.5, 7.25], "rotation": 270, "texture": "#0"}
			}
		},
		{
			"from": [4, 0, 12],
			"to": [12, 8, 12],
			"faces": {
				"north": {"uv": [6, 6, 8, 8], "texture": "#0"},
				"east": {"uv": [6, 6, 8, 8], "texture": "#0"},
				"south": {"uv": [6, 6, 8, 8], "texture": "#0"},
				"west": {"uv": [6, 6, 8, 8], "texture": "#0"},
				"up": {"uv": [6, 6, 8, 8], "texture": "#0"},
				"down": {"uv": [6, 6, 8, 8], "texture": "#0"}
			}
		}
	],
	"display": {
		"thirdperson_righthand": {
			"translation": [0, 7.5, 0],
			"scale": [1.9, 1.9, 1.9]
		},
		"head": {
			"translation": [0, 7.5, 0],
			"scale": [1.9, 1.9, 1.9]
		}
	}
}