{
      "parent": "minecraft:item/generated",
	   "textures": {
    "layer0": "minecraft:item/feather"
  },
    "overrides": [
        { "predicate": {"custom_model_data": 1}, "model": "item/extra/feather_talisman_1"},
        { "predicate": {"custom_model_data": 2}, "model": "item/extra/feather_talisman_2"},
        { "predicate": {"custom_model_data": 3}, "model": "item/extra/feather_talisman_3"},
        { "predicate": {"custom_model_data": 4}, "model": "item/extra/feather_talisman_4"}
    ]
}