{
	"credit": "Made with Blockbench",
	"texture_size": [32, 32],
	"textures": {
		"0": "models/grappling_hook",
		"particle": "models/grappling_hook"
	},
	"elements": [
		{
			"from": [6, 5.5, 3],
			"to": [10, 9.5, 15],
			"rotation": {"angle": 0, "axis": "y", "origin": [0, -1, 0]},
			"faces": {
				"north": {"uv": [6, 0, 8, 2], "texture": "#0"},
				"east": {"uv": [0, 0, 6, 2], "texture": "#0"},
				"south": {"uv": [6, 2, 8, 4], "texture": "#0"},
				"west": {"uv": [0, 0, 6, 2], "texture": "#0"},
				"up": {"uv": [2, 2, 4, 8], "texture": "#0"},
				"down": {"uv": [0, 2, 2, 8], "texture": "#0"}
			}
		},
		{
			"from": [7, 0, 12],
			"to": [9, 8, 15],
			"rotation": {"angle": -22.5, "axis": "x", "origin": [8, 3, 13]},
			"faces": {
				"north": {"uv": [4, 8, 5, 12], "texture": "#0"},
				"east": {"uv": [2.5, 8, 4, 12], "texture": "#0"},
				"south": {"uv": [1.5, 8, 2.5, 12], "texture": "#0"},
				"west": {"uv": [0, 8, 1.5, 12], "texture": "#0"},
				"up": {"uv": [0, 12, 1, 13.5], "texture": "#0"},
				"down": {"uv": [0, 12, 1, 13.5], "texture": "#0"}
			}
		},
		{
			"from": [7.5, 4, 10],
			"to": [8.5, 5, 12],
			"rotation": {"angle": -22.5, "axis": "x", "origin": [8, 3, 13]},
			"faces": {
				"north": {"uv": [0, 15.5, 0.5, 16], "texture": "#0"},
				"east": {"uv": [0.5, 15, 1.5, 15.5], "texture": "#0"},
				"south": {"uv": [0, 15.5, 0.5, 16], "texture": "#0"},
				"west": {"uv": [0.5, 15.5, 1.5, 16], "texture": "#0"},
				"up": {"uv": [2, 15, 2.5, 16], "texture": "#0"},
				"down": {"uv": [1.5, 15, 2, 16], "texture": "#0"}
			}
		},
		{
			"from": [7.5, 5, 9],
			"to": [8.5, 8, 10],
			"rotation": {"angle": -22.5, "axis": "x", "origin": [8, 3, 13]},
			"faces": {
				"north": {"uv": [1.5, 13.5, 2, 15], "texture": "#0"},
				"east": {"uv": [0, 13.5, 0.5, 15], "texture": "#0"},
				"south": {"uv": [1, 13.5, 1.5, 15], "texture": "#0"},
				"west": {"uv": [0.5, 13.5, 1, 15], "texture": "#0"},
				"up": {"uv": [0, 15, 0.5, 15.5], "texture": "#0"},
				"down": {"uv": [0, 15, 0.5, 15.5], "texture": "#0"}
			}
		},
		{
			"from": [7.5, 8, 15],
			"to": [8.5, 9, 18],
			"rotation": {"angle": -22.5, "axis": "x", "origin": [8, 3, 13]},
			"faces": {
				"north": {"uv": [0, 15.5, 0.5, 16], "texture": "#0"},
				"east": {"uv": [0.5, 15, 1.5, 15.5], "texture": "#0"},
				"south": {"uv": [0, 15.5, 0.5, 16], "texture": "#0"},
				"west": {"uv": [0.5, 15.5, 1.5, 16], "texture": "#0"},
				"up": {"uv": [2, 15, 2.5, 16], "texture": "#0"},
				"down": {"uv": [1.5, 15, 2, 16], "texture": "#0"}
			}
		}
	],
	"gui_light": "front",
	"display": {
		"thirdperson_righthand": {
			"translation": [0, 3, -2],
			"scale": [0.8, 0.8, 0.8]
		},
		"thirdperson_lefthand": {
			"translation": [0, 3, -2],
			"scale": [0.8, 0.8, 0.8]
		},
		"firstperson_righthand": {
			"rotation": [15, 0, 0],
			"translation": [0, 3, 0],
			"scale": [0.75, 0.75, 0.75]
		},
		"firstperson_lefthand": {
			"rotation": [15, 0, 0],
			"translation": [0, 3, 0],
			"scale": [0.75, 0.75, 0.75]
		},
		"ground": {
			"rotation": [45, 0, 0],
			"translation": [0, 0.5, 0],
			"scale": [0.4, 0.4, 0.4]
		},
		"gui": {
			"rotation": [30, 135, 0],
			"translation": [1, 1.25, 0],
			"scale": [0.75, 0.75, 0.75]
		},
		"fixed": {
			"rotation": [90, -180, 0],
			"translation": [0, 1.25, -1]
		}
	}
}