{
	"credit": "Made with Blockbench",
	"textures": {
		"0": "item/chess/black_piece",
		"particle": "item/chess/black_piece"
	},
	"elements": [
		{
			"from": [5, 0, 5],
			"to": [11, 2, 11],
			"faces": {
				"north": {"uv": [0, 0, 6, 2], "texture": "#0"},
				"east": {"uv": [0, 0, 6, 2], "texture": "#0"},
				"south": {"uv": [0, 0, 6, 2], "texture": "#0"},
				"west": {"uv": [0, 0, 6, 2], "texture": "#0"},
				"up": {"uv": [0, 0, 6, 6], "rotation": 180, "texture": "#0"},
				"down": {"uv": [0, 0, 6, 6], "rotation": 180, "texture": "#0"}
			}
		},
		{
			"from": [6.25, 2, 6.25],
			"to": [9.75, 4, 9.75],
			"faces": {
				"north": {"uv": [0, 0, 3.5, 2], "texture": "#0"},
				"east": {"uv": [0, 0, 3.5, 2], "texture": "#0"},
				"south": {"uv": [0, 0, 3.5, 2], "texture": "#0"},
				"west": {"uv": [0, 0, 3.5, 2], "texture": "#0"},
				"up": {"uv": [0, 0, 3.5, 3.5], "rotation": 180, "texture": "#0"},
				"down": {"uv": [0, 0, 3.5, 3.5], "rotation": 180, "texture": "#0"}
			}
		},
		{
			"from": [5.925, 4, 5.925],
			"to": [10.175, 8, 10.175],
			"faces": {
				"north": {"uv": [0, 0, 4.25, 4], "texture": "#0"},
				"east": {"uv": [0, 0, 4.25, 4], "texture": "#0"},
				"south": {"uv": [0, 0, 4.25, 4], "texture": "#0"},
				"west": {"uv": [0, 0, 4.25, 4], "texture": "#0"},
				"up": {"uv": [0, 0, 4.25, 4.25], "rotation": 180, "texture": "#0"},
				"down": {"uv": [0, 0, 4.25, 4.25], "rotation": 180, "texture": "#0"}
			}
		},
		{
			"from": [5.925, 8, 4.925],
			"to": [10.175, 9, 9.175],
			"faces": {
				"north": {"uv": [0, 0, 4.25, 1], "texture": "#0"},
				"east": {"uv": [0, 0, 4.25, 1], "texture": "#0"},
				"south": {"uv": [0, 0, 4.25, 1], "texture": "#0"},
				"west": {"uv": [0, 0, 4.25, 1], "texture": "#0"},
				"up": {"uv": [0, 0, 4.25, 4.25], "rotation": 180, "texture": "#0"},
				"down": {"uv": [0, 0, 4.25, 4.25], "rotation": 180, "texture": "#0"}
			}
		},
		{
			"from": [5.925, 9, 4.925],
			"to": [10.175, 12, 11.175],
			"faces": {
				"north": {"uv": [0, 0, 4.25, 3], "texture": "#0"},
				"east": {"uv": [0, 0, 6.25, 3], "texture": "#0"},
				"south": {"uv": [0, 0, 4.25, 3], "texture": "#0"},
				"west": {"uv": [0, 0, 6.25, 3], "texture": "#0"},
				"up": {"uv": [0, 0, 4.25, 6.25], "rotation": 180, "texture": "#0"},
				"down": {"uv": [0, 0, 4.25, 6.25], "rotation": 180, "texture": "#0"}
			}
		},
		{
			"from": [8.925, 12, 5.925],
			"to": [10.175, 14, 7.175],
			"faces": {
				"north": {"uv": [0, 0, 1.25, 2], "texture": "#0"},
				"east": {"uv": [0, 0, 1.25, 2], "texture": "#0"},
				"south": {"uv": [0, 0, 1.25, 2], "texture": "#0"},
				"west": {"uv": [0, 0, 1.25, 2], "texture": "#0"},
				"up": {"uv": [0, 0, 1.25, 1.25], "rotation": 180, "texture": "#0"},
				"down": {"uv": [0, 0, 1.25, 1.25], "rotation": 180, "texture": "#0"}
			}
		},
		{
			"from": [5.925, 12, 5.925],
			"to": [7.175, 14, 7.175],
			"faces": {
				"north": {"uv": [0, 0, 1.25, 2], "texture": "#0"},
				"east": {"uv": [0, 0, 1.25, 2], "texture": "#0"},
				"south": {"uv": [0, 0, 1.25, 2], "texture": "#0"},
				"west": {"uv": [0, 0, 1.25, 2], "texture": "#0"},
				"up": {"uv": [0, 0, 1.25, 1.25], "rotation": 180, "texture": "#0"},
				"down": {"uv": [0, 0, 1.25, 1.25], "rotation": 180, "texture": "#0"}
			}
		},
		{
			"from": [5.925, 5, 5],
			"to": [10.175, 8, 6],
			"faces": {
				"north": {"uv": [0, 0, 4.25, 3], "texture": "#0"},
				"east": {"uv": [0, 0, 1, 3], "texture": "#0"},
				"south": {"uv": [0, 0, 4.25, 3], "texture": "#0"},
				"west": {"uv": [0, 0, 1, 3], "texture": "#0"},
				"up": {"uv": [0, 0, 4.25, 1], "rotation": 180, "texture": "#0"},
				"down": {"uv": [0, 0, 4.25, 1], "rotation": 180, "texture": "#0"}
			}
		}
	]
}