{
      "parent": "minecraft:item/generated",
	   "textures": {
    "layer0": "minecraft:item/chest_minecart"
  },
    "overrides": [
        { "predicate": {"custom_model_data": 1}, "model": "item/extra/auto_gemstone_compressor_emerald"},
        { "predicate": {"custom_model_data": 2}, "model": "item/extra/auto_gemstone_compressor_sapphire"},
        { "predicate": {"custom_model_data": 3}, "model": "item/extra/auto_gemstone_compressor_ruby"},
        { "predicate": {"custom_model_data": 4}, "model": "item/extra/auto_gemstone_compressor_amethyst"}
    ]
}