{
      "parent": "minecraft:item/generated",
	   "textures": {
    "layer0": "minecraft:item/hopper_minecart"
  },
    "overrides": [
        { "predicate": {"custom_model_data": 1}, "model": "item/extra/auto_compressor_stone"},
        { "predicate": {"custom_model_data": 2}, "model": "item/extra/auto_compressor_coal"},
        { "predicate": {"custom_model_data": 3}, "model": "item/extra/auto_compressor_iron"},
        { "predicate": {"custom_model_data": 4}, "model": "item/extra/auto_compressor_diamond"},
        { "predicate": {"custom_model_data": 5}, "model": "item/extra/auto_compressor_netherite"},
        { "predicate": {"custom_model_data": 6}, "model": "item/extra/auto_compressor_gold"},
        { "predicate": {"custom_model_data": 7}, "model": "item/extra/auto_rusty_compressor_victorian"},
        { "predicate": {"custom_model_data": 8}, "model": "item/extra/auto_rusty_compressor_steampunk"}
    ]
}