{
    "parent": "item/generated",
    "textures": {
        "layer0": "item/leather_leggings",
        "layer1": "item/leather_leggings_overlay"
    },
	"overrides": [
		{
			"predicate": { "custom_model_data": 1 },
			"model": "item/emerald/emerald_leggings"
		},
		{
			"predicate": { "custom_model_data": 2 },
			"model": "item/sapphire/sapphire_leggings"
		},
		{
			"predicate": { "custom_model_data": 3 },
			"model": "item/ruby/ruby_leggings"
		},
		{
			"predicate": { "custom_model_data": 4 },
			"model": "item/amethyst/amethyst_leggings"
		},
		{
			"predicate": { "custom_model_data": 5 },
			"model": "item/obsidian/obsidian_leggings"
		},
		{
			"predicate": { "custom_model_data": 6 },
			"model": "item/ice/ice_leggings"
		},
		{
			"predicate": { "custom_model_data": 7 },
			"model": "item/ice/glacier_leggings"
		},
		{
			"predicate": { "custom_model_data": 8 },
			"model": "item/mummy/bone_leggings"
		},
		{
			"predicate": { "custom_model_data": 9 },
			"model": "item/mummy/mummy_leggings"
		},
		{
			"predicate": { "custom_model_data": 10 },
			"model": "item/mummy/pharaoh_leggings"
		},
		{
			"predicate": { "custom_model_data": 11 },
			"model": "item/magma/ashen_leggings"
		},
		{
			"predicate": { "custom_model_data": 12 },
			"model": "item/magma/molten_leggings"
		},
		{
			"predicate": { "custom_model_data": 13 },
			"model": "item/magma/magma_leggings"
		},
		{
			"predicate": { "custom_model_data": 14 },
			"model": "item/light/light_leggings"
		},
		{
			"predicate": { "custom_model_data": 15 },
			"model": "item/luminous/luminous_leggings"
		},
		{
			"predicate": { "custom_model_data": 16 },
			"model": "item/shadow/shadow_leggings"
		},
		{
			"predicate": { "custom_model_data": 17 },
			"model": "item/void/void_leggings"
		},
		{
			"predicate": { "custom_model_data": 18 },
			"model": "item/victorian/victorian_leggings"
		},
		{
			"predicate": { "custom_model_data": 19 },
			"model": "item/steampunk/steampunk_leggings"
		},
		{
			"predicate": { "custom_model_data": 20 },
			"model": "item/jungle/jungle_leggings"
		},
		{
			"predicate": { "custom_model_data": 21 },
			"model": "item/tarzan/tarzan_leggings"
		},
		{
			"predicate": { "custom_model_data": 22 },
			"model": "item/angel/angel_leggings"
		},
		{
			"predicate": { "custom_model_data": 23 },
			"model": "item/archangel/archangel_leggings"
		},
		{
			"predicate": { "custom_model_data": 24 },
			"model": "item/trumpeteer/trumpeteer_leggings"
		},
		{
			"predicate": { "custom_model_data": 25 },
			"model": "item/hades/hades_leggings"
		},
		{
			"predicate": { "custom_model_data": 26 },
			"model": "item/rainbow/rainbow_leggings"
		},
		{
			"predicate": { "custom_model_data": 27 },
			"model": "item/halloween/scream_leggings"
		},
		{
			"predicate": { "custom_model_data": 28 },
			"model": "item/skulk/skulk_leggings"
		},
		{
			"predicate": { "custom_model_data": 29 },
			"model": "item/obsidian/crying_obsidian_leggings"
		}
	]
}
