{
      "parent": "minecraft:item/generated",
	   "textures": {
    "layer0": "minecraft:item/netherite_upgrade_smithing_template"
  },
    "overrides": [
        { "predicate": {"custom_model_data": 1}, "model": "item/extra/luck_x2"},
        { "predicate": {"custom_model_data": 2}, "model": "item/extra/luck_x4"},
        { "predicate": {"custom_model_data": 3}, "model": "item/extra/luck_x8"},
        { "predicate": {"custom_model_data": 4}, "model": "item/extra/blocks_x2"},
        { "predicate": {"custom_model_data": 5}, "model": "item/extra/blocks_x4"},
        { "predicate": {"custom_model_data": 6}, "model": "item/extra/blocks_x8"},
        { "predicate": {"custom_model_data": 7}, "model": "item/extra/xp_x2"},
        { "predicate": {"custom_model_data": 8}, "model": "item/extra/xp_x4"},
        { "predicate": {"custom_model_data": 9}, "model": "item/extra/xp_x8"}
    ]
}