{
      "parent": "minecraft:item/generated",
	   "textures": {
    "layer0": "minecraft:item/furnace_minecart"
  },
    "overrides": [
        { "predicate": {"custom_model_data": 1}, "model": "item/extra/auto_elemental_compressor_obsidian"},
        { "predicate": {"custom_model_data": 2}, "model": "item/extra/auto_elemental_compressor_ice"},
        { "predicate": {"custom_model_data": 3}, "model": "item/extra/auto_elemental_compressor_sandstone"},
        { "predicate": {"custom_model_data": 4}, "model": "item/extra/auto_elemental_compressor_magma"},
        { "predicate": {"custom_model_data": 5}, "model": "item/extra/auto_frozen_compressor_snow"},
        { "predicate": {"custom_model_data": 6}, "model": "item/extra/compressor_placeholder_hammer"}
    ]
}