{
  "parent": "minecraft:item/generated",
   "textures": {
    "layer0": "minecraft:block/horn_coral"
  },
    "overrides": [
		{
			"predicate": { "custom_model_data": 1 },
			"model": "item/rods/duck"
		},
		{
			"predicate": { "custom_model_data": 2 },
			"model": "item/rods/superduck"
		},
		{
			"predicate": { "custom_model_data": 3 },
			"model": "item/rods/superduperduck"
		},
		{
			"predicate": { "custom_model_data": 4 },
			"model": "item/rods/superduperultraduck"
		},
		{
			"predicate": { "custom_model_data": 5 },
			"model": "item/rods/superduperultraomegaduck"
		}
	]
}