{
    "parent": "item/generated",
    "textures": {
        "layer0": "item/leather_boots",
        "layer1": "item/leather_boots_overlay"
    },
	"overrides": [
		{
			"predicate": { "custom_model_data": 1 },
			"model": "item/emerald/emerald_boots"
		},
		{
			"predicate": { "custom_model_data": 2 },
			"model": "item/sapphire/sapphire_boots"
		},
		{
			"predicate": { "custom_model_data": 3 },
			"model": "item/ruby/ruby_boots"
		},
		{
			"predicate": { "custom_model_data": 4 },
			"model": "item/amethyst/amethyst_boots"
		},
		{
			"predicate": { "custom_model_data": 5 },
			"model": "item/obsidian/obsidian_boots"
		},
		{
			"predicate": { "custom_model_data": 6 },
			"model": "item/ice/ice_boots"
		},
		{
			"predicate": { "custom_model_data": 7 },
			"model": "item/ice/glacier_boots"
		},
		{
			"predicate": { "custom_model_data": 8 },
			"model": "item/mummy/bone_boots"
		},
		{
			"predicate": { "custom_model_data": 9 },
			"model": "item/mummy/mummy_boots"
		},
		{
			"predicate": { "custom_model_data": 10 },
			"model": "item/mummy/pharaoh_boots"
		},
		{
			"predicate": { "custom_model_data": 11 },
			"model": "item/magma/ashen_boots"
		},
		{
			"predicate": { "custom_model_data": 12 },
			"model": "item/magma/molten_boots"
		},
		{
			"predicate": { "custom_model_data": 13 },
			"model": "item/magma/magma_boots"
		},
		{
			"predicate": { "custom_model_data": 14 },
			"model": "item/light/light_boots"
		},
		{
			"predicate": { "custom_model_data": 15 },
			"model": "item/luminous/luminous_boots"
		},
		{
			"predicate": { "custom_model_data": 16 },
			"model": "item/shadow/shadow_boots"
		},
		{
			"predicate": { "custom_model_data": 17 },
			"model": "item/void/void_boots"
		},
		{
			"predicate": { "custom_model_data": 18 },
			"model": "item/victorian/victorian_boots"
		},
		{
			"predicate": { "custom_model_data": 19 },
			"model": "item/steampunk/steampunk_boots"
		},
		{
			"predicate": { "custom_model_data": 20 },
			"model": "item/jungle/jungle_boots"
		},
		{
			"predicate": { "custom_model_data": 21 },
			"model": "item/tarzan/tarzan_boots"
		},
		{
			"predicate": { "custom_model_data": 22 },
			"model": "item/angel/angel_boots"
		},
		{
			"predicate": { "custom_model_data": 23 },
			"model": "item/archangel/archangel_boots"
		},
		{
			"predicate": { "custom_model_data": 24 },
			"model": "item/trumpeteer/trumpeteer_boots"
		},
		{
			"predicate": { "custom_model_data": 25 },
			"model": "item/hades/hades_boots"
		},
		{
			"predicate": { "custom_model_data": 26 },
			"model": "item/rainbow/rainbow_boots"
		},
		{
			"predicate": { "custom_model_data": 27 },
			"model": "item/halloween/scream_boots"
		},
		{
			"predicate": { "custom_model_data": 28 },
			"model": "item/skulk/skulk_boots"
		},
		{
			"predicate": { "custom_model_data": 29 },
			"model": "item/obsidian/crying_obsidian_boots"
		}
	]
}
