{
    "parent": "item/handheld",
    "textures": {
        "layer0": "item/netherite_pickaxe"
    },
	"overrides": [
		{
			"predicate": { "custom_model_data": 1 },
			"model": "item/emerald/emerald_pickaxe"
		},
		{
			"predicate": { "custom_model_data": 2 },
			"model": "item/sapphire/sapphire_pickaxe"
		},
		{
			"predicate": { "custom_model_data": 3 },
			"model": "item/ruby/ruby_pickaxe"
		},
		{
			"predicate": { "custom_model_data": 4 },
			"model": "item/amethyst/amethyst_pickaxe"
		},
		{
			"predicate": { "custom_model_data": 5 },
			"model": "item/obsidian/obsidian_pickaxe"
		},
		{
			"predicate": { "custom_model_data": 6 },
			"model": "item/ice/ice_pickaxe"
		},
		{
			"predicate": { "custom_model_data": 7 },
			"model": "item/ice/glacier_pickaxe"
		},
		{
			"predicate": { "custom_model_data": 8 },
			"model": "item/mummy/bone_pickaxe"
		},
		{
			"predicate": { "custom_model_data": 9 },
			"model": "item/mummy/mummy_pickaxe"
		},
		{
			"predicate": { "custom_model_data": 10 },
			"model": "item/mummy/pharaoh_pickaxe"
		},
		{
			"predicate": { "custom_model_data": 11 },
			"model": "item/magma/ashen_pickaxe"
		},
		{
			"predicate": { "custom_model_data": 12 },
			"model": "item/magma/molten_pickaxe"
		},
		{
			"predicate": { "custom_model_data": 13 },
			"model": "item/magma/magma_pickaxe"
		},
		{
			"predicate": { "custom_model_data": 14 },
			"model": "item/light/light_pickaxe"
		},
		{
			"predicate": { "custom_model_data": 15 },
			"model": "item/luminous/luminous_pickaxe"
		},
		{
			"predicate": { "custom_model_data": 16 },
			"model": "item/shadow/shadow_pickaxe"
		},
		{
			"predicate": { "custom_model_data": 17 },
			"model": "item/void/void_pickaxe"
		},
		{
			"predicate": { "custom_model_data": 18 },
			"model": "item/victorian/victorian_pickaxe"
		},
		{
			"predicate": { "custom_model_data": 19 },
			"model": "item/steampunk/steampunk_pickaxe"
		},
		{
			"predicate": { "custom_model_data": 20 },
			"model": "item/jungle/jungle_pickaxe"
		},
		{
			"predicate": { "custom_model_data": 21 },
			"model": "item/tarzan/tarzan_pickaxe"
		},
		{
			"predicate": { "custom_model_data": 22 },
			"model": "item/angel/angel_pickaxe"
		},
		{
			"predicate": { "custom_model_data": 23 },
			"model": "item/archangel/archangel_pickaxe"
		},
		{
			"predicate": { "custom_model_data": 24 },
			"model": "item/trumpeteer/trumpeteer_pickaxe"
		},
		{
			"predicate": { "custom_model_data": 25 },
			"model": "item/extra/golddigger_pickaxe"
		},
		{
			"predicate": { "custom_model_data": 26 },
			"model": "item/hades/hades_drill"
		},
		{
			"predicate": { "custom_model_data": 27 },
			"model": "item/miner/miner_pickaxe"
		},
		{
			"predicate": { "custom_model_data": 28 },
			"model": "item/skulk/skulk_pickaxe"
		},
		{
			"predicate": { "custom_model_data": 29 },
			"model": "item/warden/warden_pickaxe"
		},
		{
			"predicate": { "custom_model_data": 30 },
			"model": "item/obsidian/crying_obsidian_pickaxe"
		},
		{
			"predicate": { "custom_model_data": 50 },
			"model": "item/extra/ultra_pickaxe"
		},
		{
			"predicate": { "custom_model_data": 51 },
			"model": "item/extra/legendary_pickaxe"
		},
		{
			"predicate": { "custom_model_data": 52 },
			"model": "item/extra/mythical_pickaxe"
		},
		{
			"predicate": { "custom_model_data": 53 },
			"model": "item/extra/summer_pickaxe"
		},
		{
			"predicate": { "custom_model_data": 54 },
			"model": "item/extra/back2school_pickaxe"
		},
		{
			"predicate": { "custom_model_data": 55 },
			"model": "item/extra/spring_pickaxe"
		},
		{
			"predicate": { "custom_model_data": 56 },
			"model": "item/halloween/scream_pickaxe"
		}
	]
}