{
    "parent": "minecraft:item/template_skull",
    "overrides": [
		{
			"predicate": { "custom_model_data": 1 },
			"model": "item/extra/faq_icon"
		},
		{
			"predicate": { "custom_model_data": 2 },
			"model": "item/extra/voting_icon"
		},
		{
			"predicate": { "custom_model_data": 3 },
			"model": "item/extra/preferences_icon"
		},
		{
			"predicate": { "custom_model_data": 4 },
			"model": "item/extra/death_effect_icon"
		},
		{
			"predicate": { "custom_model_data": 5 },
			"model": "item/extra/close_menu_icon"
		},
		{
			"predicate": { "custom_model_data": 6 },
			"model": "item/extra/vaults_icon"
		},
		{
			"predicate": { "custom_model_data": 7 },
			"model": "item/extra/commands_icon"
		},
		{
			"predicate": { "custom_model_data": 8 },
			"model": "item/extra/daily_icon"
		},
		{
			"predicate": { "custom_model_data": 9 },
			"model": "item/extra/discord_icon"
		},
		{
			"predicate": { "custom_model_data": 10 },
			"model": "item/extra/buy_icon"
		},
		{
			"predicate": { "custom_model_data": 11 },
			"model": "item/extra/website_icon"
		},
		{
			"predicate": { "custom_model_data": 12 },
			"model": "item/extra/chatcolor_icon"
		},
		{
			"predicate": { "custom_model_data": 13 },
			"model": "item/extra/auction_icon"
		},
		{
			"predicate": { "custom_model_data": 14 },
			"model": "item/extra/particles_icon"
		},
		{
			"predicate": { "custom_model_data": 15 },
			"model": "item/extra/warps_icon"
		},
		{
			"predicate": { "custom_model_data": 16 },
			"model": "item/extra/kill_effect_icon"
		},
		{
			"predicate": { "custom_model_data": 17 },
			"model": "item/extra/balloons_icon"
		}
	]
}