{
	"credit": "Made with Blockbench",
	"texture_size": [128, 128],
	"textures": {
		"0": "item/extra/beach_pickaxe",
		"particle": "item/extra/beach_pickaxe"
	},
	"elements": [
		{
			"name": "handle",
			"from": [7, 0, 7],
			"to": [9, 28, 9],
			"rotation": {"angle": 0, "axis": "y", "origin": [8, 11, 8]},
			"faces": {
				"north": {"uv": [2.75, 3.25, 3, 6.75], "texture": "#0"},
				"east": {"uv": [3, 3.25, 3.25, 6.75], "texture": "#0"},
				"south": {"uv": [3.75, 2, 4, 5.5], "texture": "#0"},
				"west": {"uv": [4, 2, 4.25, 5.5], "texture": "#0"},
				"up": {"uv": [1.375, 6.5, 1.125, 6.25], "texture": "#0"},
				"down": {"uv": [1.625, 6.25, 1.375, 6.5], "texture": "#0"}
			}
		},
		{
			"name": "handle",
			"from": [7.25, 18.25, 5],
			"to": [8.25, 26.25, 6],
			"rotation": {"angle": -45, "axis": "x", "origin": [7.75, 22.25, 5.5]},
			"faces": {
				"north": {"uv": [2.75, 3.25, 3, 6.75], "texture": "#0"},
				"east": {"uv": [3, 3.25, 3.25, 6.75], "texture": "#0"},
				"south": {"uv": [3.75, 2, 4, 5.5], "texture": "#0"},
				"west": {"uv": [4, 2, 4.25, 5.5], "texture": "#0"},
				"up": {"uv": [1.375, 6.5, 1.125, 6.25], "texture": "#0"},
				"down": {"uv": [1.625, 6.25, 1.375, 6.5], "texture": "#0"}
			}
		},
		{
			"name": "handle",
			"from": [10, 18.5, 7.75],
			"to": [11, 26.5, 8.75],
			"rotation": {"angle": -45, "axis": "z", "origin": [10.5, 22.5, 8.25]},
			"faces": {
				"north": {"uv": [2.75, 3.25, 3, 6.75], "texture": "#0"},
				"east": {"uv": [3, 3.25, 3.25, 6.75], "texture": "#0"},
				"south": {"uv": [3.75, 2, 4, 5.5], "texture": "#0"},
				"west": {"uv": [4, 2, 4.25, 5.5], "texture": "#0"},
				"up": {"uv": [1.375, 6.5, 1.125, 6.25], "texture": "#0"},
				"down": {"uv": [1.625, 6.25, 1.375, 6.5], "texture": "#0"}
			}
		},
		{
			"name": "handle",
			"from": [5, 17.75, 7.75],
			"to": [6, 26.75, 8.75],
			"rotation": {"angle": 45, "axis": "z", "origin": [5.5, 21.75, 8.25]},
			"faces": {
				"north": {"uv": [2.75, 3.25, 3, 6.75], "texture": "#0"},
				"east": {"uv": [3, 3.25, 3.25, 6.75], "texture": "#0"},
				"south": {"uv": [3.75, 2, 4, 5.5], "texture": "#0"},
				"west": {"uv": [4, 2, 4.25, 5.5], "texture": "#0"},
				"up": {"uv": [1.375, 6.5, 1.125, 6.25], "texture": "#0"},
				"down": {"uv": [1.625, 6.25, 1.375, 6.5], "texture": "#0"}
			}
		},
		{
			"name": "handle",
			"from": [7.5, 19, 9.75],
			"to": [8.5, 26, 10.75],
			"rotation": {"angle": 45, "axis": "x", "origin": [8, 23, 10.25]},
			"faces": {
				"north": {"uv": [2.75, 3.25, 3, 6.75], "texture": "#0"},
				"east": {"uv": [3, 3.25, 3.25, 6.75], "texture": "#0"},
				"south": {"uv": [3.75, 2, 4, 5.5], "texture": "#0"},
				"west": {"uv": [4, 2, 4.25, 5.5], "texture": "#0"},
				"up": {"uv": [1.375, 6.5, 1.125, 6.25], "texture": "#0"},
				"down": {"uv": [1.625, 6.25, 1.375, 6.5], "texture": "#0"}
			}
		},
		{
			"name": "1st layer",
			"from": [-1, 25, -1],
			"to": [17, 26, 17],
			"rotation": {"angle": 0, "axis": "y", "origin": [8, 27, 8]},
			"faces": {
				"north": {"uv": [5.5, 1.375, 7.75, 1.5], "texture": "#0"},
				"east": {"uv": [5.5, 1.5, 7.75, 1.625], "texture": "#0"},
				"south": {"uv": [5.5, 1.625, 7.75, 1.75], "texture": "#0"},
				"west": {"uv": [5.5, 1.75, 7.75, 1.875], "texture": "#0"},
				"up": {"uv": [2.25, 2.25, 0, 0], "texture": "#0"},
				"down": {"uv": [2.25, 2.25, 0, 4.5], "texture": "#0"}
			}
		},
		{
			"from": [20, 20, -1],
			"to": [21, 21, 17],
			"rotation": {"angle": 0, "axis": "y", "origin": [13.5, 20, 2.5]},
			"faces": {
				"north": {"uv": [2.125, 5.375, 2.25, 5.5], "texture": "#0"},
				"east": {"uv": [5.5, 1.875, 7.75, 2], "texture": "#0"},
				"south": {"uv": [3.5, 6.75, 3.625, 6.875], "texture": "#0"},
				"west": {"uv": [3.625, 5.5, 5.875, 5.625], "texture": "#0"},
				"up": {"uv": [2.75, 7.75, 2.625, 5.5], "texture": "#0"},
				"down": {"uv": [3.75, 5.625, 3.625, 7.875], "texture": "#0"}
			}
		},
		{
			"from": [-5, 20, -1],
			"to": [-4, 21, 17],
			"rotation": {"angle": 0, "axis": "y", "origin": [-11.5, 20, 2.5]},
			"faces": {
				"north": {"uv": [6.75, 5, 6.875, 5.125], "texture": "#0"},
				"east": {"uv": [3.75, 5.625, 6, 5.75], "texture": "#0"},
				"south": {"uv": [6.75, 5.125, 6.875, 5.25], "texture": "#0"},
				"west": {"uv": [0.375, 5.75, 2.625, 5.875], "texture": "#0"},
				"up": {"uv": [3.875, 8, 3.75, 5.75], "texture": "#0"},
				"down": {"uv": [4, 5.75, 3.875, 8], "texture": "#0"}
			}
		},
		{
			"from": [-1, 20, -5],
			"to": [17, 21, -4],
			"rotation": {"angle": 0, "axis": "y", "origin": [13.5, 21, 2.5]},
			"faces": {
				"north": {"uv": [4, 5.75, 6.25, 5.875], "texture": "#0"},
				"east": {"uv": [5.25, 6.75, 5.375, 6.875], "texture": "#0"},
				"south": {"uv": [0.375, 5.875, 2.625, 6], "texture": "#0"},
				"west": {"uv": [6.75, 5.25, 6.875, 5.375], "texture": "#0"},
				"up": {"uv": [6.25, 6, 4, 5.875], "texture": "#0"},
				"down": {"uv": [8.125, 5.5, 5.875, 5.625], "texture": "#0"}
			}
		},
		{
			"from": [-1, 20, 20],
			"to": [17, 21, 21],
			"rotation": {"angle": 0, "axis": "y", "origin": [13.5, 21, 27.5]},
			"faces": {
				"north": {"uv": [0.375, 6, 2.625, 6.125], "texture": "#0"},
				"east": {"uv": [5.375, 6.75, 5.5, 6.875], "texture": "#0"},
				"south": {"uv": [4, 6, 6.25, 6.125], "texture": "#0"},
				"west": {"uv": [6.75, 5.375, 6.875, 5.5], "texture": "#0"},
				"up": {"uv": [8.25, 5.75, 6, 5.625], "texture": "#0"},
				"down": {"uv": [2.625, 6.125, 0.375, 6.25], "texture": "#0"}
			}
		},
		{
			"from": [-4, 20, 16],
			"to": [-2, 21, 17],
			"rotation": {"angle": 0, "axis": "y", "origin": [8, 20.5, 8]},
			"faces": {
				"north": {"uv": [4.5, 0.875, 4.75, 1], "texture": "#0"},
				"east": {"uv": [5.5, 6.75, 5.625, 6.875], "texture": "#0"},
				"south": {"uv": [4.75, 0.875, 5, 1], "texture": "#0"},
				"west": {"uv": [5.625, 6.75, 5.75, 6.875], "texture": "#0"},
				"up": {"uv": [5.25, 1, 5, 0.875], "texture": "#0"},
				"down": {"uv": [5.5, 0.875, 5.25, 1], "texture": "#0"}
			}
		},
		{
			"from": [18, 20, 16],
			"to": [20, 21, 17],
			"rotation": {"angle": 0, "axis": "y", "origin": [8, 20.5, 8]},
			"faces": {
				"north": {"uv": [0.375, 5.375, 0.625, 5.5], "texture": "#0"},
				"east": {"uv": [5.75, 6.75, 5.875, 6.875], "texture": "#0"},
				"south": {"uv": [0.625, 5.375, 0.875, 5.5], "texture": "#0"},
				"west": {"uv": [6.75, 5.75, 6.875, 5.875], "texture": "#0"},
				"up": {"uv": [1.125, 5.5, 0.875, 5.375], "texture": "#0"},
				"down": {"uv": [1.375, 5.375, 1.125, 5.5], "texture": "#0"}
			}
		},
		{
			"from": [18, 20, -1],
			"to": [20, 21, 0],
			"rotation": {"angle": 0, "axis": "y", "origin": [8, 20.5, 8]},
			"faces": {
				"north": {"uv": [1.375, 5.375, 1.625, 5.5], "texture": "#0"},
				"east": {"uv": [5.875, 6.75, 6, 6.875], "texture": "#0"},
				"south": {"uv": [1.625, 5.375, 1.875, 5.5], "texture": "#0"},
				"west": {"uv": [6.75, 5.875, 6.875, 6], "texture": "#0"},
				"up": {"uv": [2.125, 5.5, 1.875, 5.375], "texture": "#0"},
				"down": {"uv": [6.5, 6, 6.25, 6.125], "texture": "#0"}
			}
		},
		{
			"from": [-4, 20, -1],
			"to": [-2, 21, 0],
			"rotation": {"angle": 0, "axis": "y", "origin": [8, 20.5, 8]},
			"faces": {
				"north": {"uv": [6.5, 6.25, 6.75, 6.375], "texture": "#0"},
				"east": {"uv": [6, 6.75, 6.125, 6.875], "texture": "#0"},
				"south": {"uv": [6.5, 6.375, 6.75, 6.5], "texture": "#0"},
				"west": {"uv": [6.75, 6, 6.875, 6.125], "texture": "#0"},
				"up": {"uv": [6.75, 6.625, 6.5, 6.5], "texture": "#0"},
				"down": {"uv": [4.25, 6.625, 4, 6.75], "texture": "#0"}
			}
		},
		{
			"from": [-1, 20, -4],
			"to": [0, 21, -2],
			"rotation": {"angle": 0, "axis": "y", "origin": [8, 20.5, 8]},
			"faces": {
				"north": {"uv": [6.125, 6.75, 6.25, 6.875], "texture": "#0"},
				"east": {"uv": [4.25, 6.625, 4.5, 6.75], "texture": "#0"},
				"south": {"uv": [6.75, 6.125, 6.875, 6.25], "texture": "#0"},
				"west": {"uv": [4.5, 6.625, 4.75, 6.75], "texture": "#0"},
				"up": {"uv": [3.75, 4.5, 3.625, 4.25], "texture": "#0"},
				"down": {"uv": [3.75, 4.5, 3.625, 4.75], "texture": "#0"}
			}
		},
		{
			"from": [-1, 20, 18],
			"to": [0, 21, 20],
			"rotation": {"angle": 0, "axis": "y", "origin": [8, 20.5, 8]},
			"faces": {
				"north": {"uv": [6.75, 6.25, 6.875, 6.375], "texture": "#0"},
				"east": {"uv": [4.75, 6.625, 5, 6.75], "texture": "#0"},
				"south": {"uv": [6.75, 6.375, 6.875, 6.5], "texture": "#0"},
				"west": {"uv": [5, 6.625, 5.25, 6.75], "texture": "#0"},
				"up": {"uv": [3.75, 5, 3.625, 4.75], "texture": "#0"},
				"down": {"uv": [3.75, 5, 3.625, 5.25], "texture": "#0"}
			}
		},
		{
			"from": [16, 20, -4],
			"to": [17, 21, -2],
			"rotation": {"angle": 0, "axis": "y", "origin": [8, 20.5, 8]},
			"faces": {
				"north": {"uv": [6.5, 6.75, 6.625, 6.875], "texture": "#0"},
				"east": {"uv": [5.25, 6.625, 5.5, 6.75], "texture": "#0"},
				"south": {"uv": [6.75, 6.5, 6.875, 6.625], "texture": "#0"},
				"west": {"uv": [5.5, 6.625, 5.75, 6.75], "texture": "#0"},
				"up": {"uv": [3.75, 5.5, 3.625, 5.25], "texture": "#0"},
				"down": {"uv": [3.625, 6.5, 3.5, 6.75], "texture": "#0"}
			}
		},
		{
			"from": [16, 20, 18],
			"to": [17, 21, 20],
			"rotation": {"angle": 0, "axis": "y", "origin": [8, 20.5, 8]},
			"faces": {
				"north": {"uv": [6.625, 6.75, 6.75, 6.875], "texture": "#0"},
				"east": {"uv": [5.75, 6.625, 6, 6.75], "texture": "#0"},
				"south": {"uv": [6.75, 6.625, 6.875, 6.75], "texture": "#0"},
				"west": {"uv": [6, 6.625, 6.25, 6.75], "texture": "#0"},
				"up": {"uv": [6.375, 6.875, 6.25, 6.625], "texture": "#0"},
				"down": {"uv": [6.5, 6.625, 6.375, 6.875], "texture": "#0"}
			}
		},
		{
			"from": [-3, 20, 17],
			"to": [-2, 21, 19],
			"rotation": {"angle": 0, "axis": "y", "origin": [6, 20.5, 7]},
			"faces": {
				"north": {"uv": [6.75, 6.75, 6.875, 6.875], "texture": "#0"},
				"east": {"uv": [6.5, 6.625, 6.75, 6.75], "texture": "#0"},
				"south": {"uv": [6.875, 0.125, 7, 0.25], "texture": "#0"},
				"west": {"uv": [6.75, 0, 7, 0.125], "texture": "#0"},
				"up": {"uv": [6.875, 0.375, 6.75, 0.125], "texture": "#0"},
				"down": {"uv": [0.5, 6.75, 0.375, 7], "texture": "#0"}
			}
		},
		{
			"from": [18, 20, 17],
			"to": [19, 21, 19],
			"rotation": {"angle": 0, "axis": "y", "origin": [27, 20.5, 7]},
			"faces": {
				"north": {"uv": [6.875, 0.25, 7, 0.375], "texture": "#0"},
				"east": {"uv": [6.75, 0.375, 7, 0.5], "texture": "#0"},
				"south": {"uv": [0.5, 6.875, 0.625, 7], "texture": "#0"},
				"west": {"uv": [0.5, 6.75, 0.75, 6.875], "texture": "#0"},
				"up": {"uv": [6.875, 0.75, 6.75, 0.5], "texture": "#0"},
				"down": {"uv": [0.875, 6.75, 0.75, 7], "texture": "#0"}
			}
		},
		{
			"from": [18, 20, -3],
			"to": [19, 21, -1],
			"rotation": {"angle": 0, "axis": "y", "origin": [27, 20.5, -13]},
			"faces": {
				"north": {"uv": [6.875, 0.5, 7, 0.625], "texture": "#0"},
				"east": {"uv": [6.75, 0.75, 7, 0.875], "texture": "#0"},
				"south": {"uv": [0.625, 6.875, 0.75, 7], "texture": "#0"},
				"west": {"uv": [0.875, 6.75, 1.125, 6.875], "texture": "#0"},
				"up": {"uv": [1.25, 7, 1.125, 6.75], "texture": "#0"},
				"down": {"uv": [1.375, 6.75, 1.25, 7], "texture": "#0"}
			}
		},
		{
			"from": [-3, 20, -3],
			"to": [-2, 21, -1],
			"rotation": {"angle": 0, "axis": "y", "origin": [6, 20.5, -13]},
			"faces": {
				"north": {"uv": [6.875, 0.625, 7, 0.75], "texture": "#0"},
				"east": {"uv": [1.375, 6.75, 1.625, 6.875], "texture": "#0"},
				"south": {"uv": [0.875, 6.875, 1, 7], "texture": "#0"},
				"west": {"uv": [1.625, 6.75, 1.875, 6.875], "texture": "#0"},
				"up": {"uv": [2, 7, 1.875, 6.75], "texture": "#0"},
				"down": {"uv": [2.125, 6.75, 2, 7], "texture": "#0"}
			}
		},
		{
			"from": [-2, 20, -3],
			"to": [-1, 21, -2],
			"rotation": {"angle": 0, "axis": "y", "origin": [7, 20.5, 9]},
			"faces": {
				"north": {"uv": [1, 6.875, 1.125, 7], "texture": "#0"},
				"east": {"uv": [1.375, 6.875, 1.5, 7], "texture": "#0"},
				"south": {"uv": [1.5, 6.875, 1.625, 7], "texture": "#0"},
				"west": {"uv": [1.625, 6.875, 1.75, 7], "texture": "#0"},
				"up": {"uv": [1.875, 7, 1.75, 6.875], "texture": "#0"},
				"down": {"uv": [2.25, 6.875, 2.125, 7], "texture": "#0"}
			}
		},
		{
			"from": [17, 20, -3],
			"to": [18, 21, -2],
			"rotation": {"angle": 0, "axis": "y", "origin": [26, 20.5, 9]},
			"faces": {
				"north": {"uv": [2.25, 6.875, 2.375, 7], "texture": "#0"},
				"east": {"uv": [2.375, 6.875, 2.5, 7], "texture": "#0"},
				"south": {"uv": [2.5, 6.875, 2.625, 7], "texture": "#0"},
				"west": {"uv": [2.75, 6.875, 2.875, 7], "texture": "#0"},
				"up": {"uv": [3, 7, 2.875, 6.875], "texture": "#0"},
				"down": {"uv": [3.125, 6.875, 3, 7], "texture": "#0"}
			}
		},
		{
			"from": [17, 20, 18],
			"to": [18, 21, 19],
			"rotation": {"angle": 0, "axis": "y", "origin": [26, 20.5, 30]},
			"faces": {
				"north": {"uv": [3.125, 6.875, 3.25, 7], "texture": "#0"},
				"east": {"uv": [3.25, 6.875, 3.375, 7], "texture": "#0"},
				"south": {"uv": [3.375, 6.875, 3.5, 7], "texture": "#0"},
				"west": {"uv": [3.5, 6.875, 3.625, 7], "texture": "#0"},
				"up": {"uv": [4.125, 7, 4, 6.875], "texture": "#0"},
				"down": {"uv": [4.25, 6.875, 4.125, 7], "texture": "#0"}
			}
		},
		{
			"from": [-2, 20, 18],
			"to": [-1, 21, 19],
			"rotation": {"angle": 0, "axis": "y", "origin": [7, 20.5, 30]},
			"faces": {
				"north": {"uv": [4.25, 6.875, 4.375, 7], "texture": "#0"},
				"east": {"uv": [4.375, 6.875, 4.5, 7], "texture": "#0"},
				"south": {"uv": [4.5, 6.875, 4.625, 7], "texture": "#0"},
				"west": {"uv": [4.625, 6.875, 4.75, 7], "texture": "#0"},
				"up": {"uv": [4.875, 7, 4.75, 6.875], "texture": "#0"},
				"down": {"uv": [5, 6.875, 4.875, 7], "texture": "#0"}
			}
		},
		{
			"from": [-5, 21, -1],
			"to": [-1, 23, 17],
			"rotation": {"angle": 0, "axis": "y", "origin": [-2.5, 22.5, 6.5]},
			"faces": {
				"north": {"uv": [1.375, 4.875, 1.875, 5.125], "texture": "#0"},
				"east": {"uv": [5, 4.5, 7.25, 4.75], "texture": "#0"},
				"south": {"uv": [0.375, 5.125, 0.875, 5.375], "texture": "#0"},
				"west": {"uv": [5, 4.75, 7.25, 5], "texture": "#0"},
				"up": {"uv": [2.75, 3.25, 2.25, 1], "texture": "#0"},
				"down": {"uv": [3.25, 1, 2.75, 3.25], "texture": "#0"}
			}
		},
		{
			"from": [-3, 21, 17],
			"to": [-1, 23, 19],
			"rotation": {"angle": 0, "axis": "y", "origin": [-2.5, 22.5, 24.5]},
			"faces": {
				"north": {"uv": [1.625, 6.25, 1.875, 6.5], "texture": "#0"},
				"east": {"uv": [1.875, 6.25, 2.125, 6.5], "texture": "#0"},
				"south": {"uv": [2.125, 6.25, 2.375, 6.5], "texture": "#0"},
				"west": {"uv": [2.375, 6.25, 2.625, 6.5], "texture": "#0"},
				"up": {"uv": [6.5, 6, 6.25, 5.75], "texture": "#0"},
				"down": {"uv": [4.25, 6.375, 4, 6.625], "texture": "#0"}
			}
		},
		{
			"from": [-1, 21, 17],
			"to": [17, 23, 21],
			"rotation": {"angle": 0, "axis": "y", "origin": [6.5, 22.5, 18.5]},
			"faces": {
				"north": {"uv": [5, 3.25, 7.25, 3.5], "texture": "#0"},
				"east": {"uv": [0.375, 4.875, 0.875, 5.125], "texture": "#0"},
				"south": {"uv": [5, 3.5, 7.25, 3.75], "texture": "#0"},
				"west": {"uv": [0.875, 4.875, 1.375, 5.125], "texture": "#0"},
				"up": {"uv": [4.5, 0.5, 2.25, 0], "texture": "#0"},
				"down": {"uv": [4.5, 0.5, 2.25, 1], "texture": "#0"}
			}
		},
		{
			"from": [17, 21, 17],
			"to": [19, 23, 19],
			"rotation": {"angle": 0, "axis": "y", "origin": [17.5, 22.5, 24.5]},
			"faces": {
				"north": {"uv": [4.25, 6.375, 4.5, 6.625], "texture": "#0"},
				"east": {"uv": [4.5, 6.375, 4.75, 6.625], "texture": "#0"},
				"south": {"uv": [4.75, 6.375, 5, 6.625], "texture": "#0"},
				"west": {"uv": [5, 6.375, 5.25, 6.625], "texture": "#0"},
				"up": {"uv": [5.5, 6.625, 5.25, 6.375], "texture": "#0"},
				"down": {"uv": [5.75, 6.375, 5.5, 6.625], "texture": "#0"}
			}
		},
		{
			"from": [17, 21, -1],
			"to": [21, 23, 17],
			"rotation": {"angle": 0, "axis": "y", "origin": [13.5, 22, 2.5]},
			"faces": {
				"north": {"uv": [4, 6.125, 4.5, 6.375], "texture": "#0"},
				"east": {"uv": [5.5, 0.875, 7.75, 1.125], "texture": "#0"},
				"south": {"uv": [4.5, 6.125, 5, 6.375], "texture": "#0"},
				"west": {"uv": [5.5, 1.125, 7.75, 1.375], "texture": "#0"},
				"up": {"uv": [3.75, 4.25, 3.25, 2], "texture": "#0"},
				"down": {"uv": [2.75, 3.25, 2.25, 5.5], "texture": "#0"}
			}
		},
		{
			"from": [17, 21, -3],
			"to": [19, 23, -1],
			"rotation": {"angle": 0, "axis": "y", "origin": [17.5, 22.5, 4.5]},
			"faces": {
				"north": {"uv": [5.75, 6.375, 6, 6.625], "texture": "#0"},
				"east": {"uv": [6, 6.375, 6.25, 6.625], "texture": "#0"},
				"south": {"uv": [6.25, 6.375, 6.5, 6.625], "texture": "#0"},
				"west": {"uv": [0.375, 6.5, 0.625, 6.75], "texture": "#0"},
				"up": {"uv": [0.875, 6.75, 0.625, 6.5], "texture": "#0"},
				"down": {"uv": [1.125, 6.5, 0.875, 6.75], "texture": "#0"}
			}
		},
		{
			"from": [-1, 21, -5],
			"to": [17, 23, -1],
			"rotation": {"angle": 0, "axis": "y", "origin": [13.5, 22, 2.5]},
			"faces": {
				"north": {"uv": [4.25, 5.25, 6.5, 5.5], "texture": "#0"},
				"east": {"uv": [0.875, 5.125, 1.375, 5.375], "texture": "#0"},
				"south": {"uv": [0.375, 5.5, 2.625, 5.75], "texture": "#0"},
				"west": {"uv": [1.375, 5.125, 1.875, 5.375], "texture": "#0"},
				"up": {"uv": [5.5, 1.5, 3.25, 1], "texture": "#0"},
				"down": {"uv": [5.5, 1.5, 3.25, 2], "texture": "#0"}
			}
		},
		{
			"from": [-3, 21, -3],
			"to": [-1, 23, -1],
			"rotation": {"angle": 0, "axis": "y", "origin": [-2.5, 22.5, 4.5]},
			"faces": {
				"north": {"uv": [1.125, 6.5, 1.375, 6.75], "texture": "#0"},
				"east": {"uv": [1.375, 6.5, 1.625, 6.75], "texture": "#0"},
				"south": {"uv": [1.625, 6.5, 1.875, 6.75], "texture": "#0"},
				"west": {"uv": [1.875, 6.5, 2.125, 6.75], "texture": "#0"},
				"up": {"uv": [6.75, 2.25, 6.5, 2], "texture": "#0"},
				"down": {"uv": [2.375, 6.5, 2.125, 6.75], "texture": "#0"}
			}
		},
		{
			"from": [-3, 23, -3],
			"to": [-1, 24, -1],
			"rotation": {"angle": 0, "axis": "y", "origin": [-2.5, 23.5, 4.5]},
			"faces": {
				"north": {"uv": [6.75, 2, 7, 2.125], "texture": "#0"},
				"east": {"uv": [2.125, 6.75, 2.375, 6.875], "texture": "#0"},
				"south": {"uv": [6.75, 2.125, 7, 2.25], "texture": "#0"},
				"west": {"uv": [6.75, 2.25, 7, 2.375], "texture": "#0"},
				"up": {"uv": [6.75, 2.5, 6.5, 2.25], "texture": "#0"},
				"down": {"uv": [2.625, 6.5, 2.375, 6.75], "texture": "#0"}
			}
		},
		{
			"from": [-3, 23, 17],
			"to": [-1, 24, 19],
			"rotation": {"angle": 0, "axis": "y", "origin": [-2.5, 23.5, 24.5]},
			"faces": {
				"north": {"uv": [2.375, 6.75, 2.625, 6.875], "texture": "#0"},
				"east": {"uv": [6.75, 2.375, 7, 2.5], "texture": "#0"},
				"south": {"uv": [6.75, 2.5, 7, 2.625], "texture": "#0"},
				"west": {"uv": [6.75, 2.625, 7, 2.75], "texture": "#0"},
				"up": {"uv": [6.75, 2.75, 6.5, 2.5], "texture": "#0"},
				"down": {"uv": [3.5, 6.5, 3.25, 6.75], "texture": "#0"}
			}
		},
		{
			"from": [17, 23, 17],
			"to": [19, 24, 19],
			"rotation": {"angle": 0, "axis": "y", "origin": [17.5, 23.5, 24.5]},
			"faces": {
				"north": {"uv": [2.75, 6.75, 3, 6.875], "texture": "#0"},
				"east": {"uv": [3, 6.75, 3.25, 6.875], "texture": "#0"},
				"south": {"uv": [3.25, 6.75, 3.5, 6.875], "texture": "#0"},
				"west": {"uv": [4, 6.75, 4.25, 6.875], "texture": "#0"},
				"up": {"uv": [6.75, 5.25, 6.5, 5], "texture": "#0"},
				"down": {"uv": [6.75, 5.25, 6.5, 5.5], "texture": "#0"}
			}
		},
		{
			"from": [17, 23, -3],
			"to": [19, 24, -1],
			"rotation": {"angle": 0, "axis": "y", "origin": [17.5, 23.5, 4.5]},
			"faces": {
				"north": {"uv": [4.25, 6.75, 4.5, 6.875], "texture": "#0"},
				"east": {"uv": [4.5, 6.75, 4.75, 6.875], "texture": "#0"},
				"south": {"uv": [4.75, 6.75, 5, 6.875], "texture": "#0"},
				"west": {"uv": [5, 6.75, 5.25, 6.875], "texture": "#0"},
				"up": {"uv": [6.75, 6, 6.5, 5.75], "texture": "#0"},
				"down": {"uv": [6.75, 6, 6.5, 6.25], "texture": "#0"}
			}
		},
		{
			"from": [-1, 23, -4],
			"to": [17, 25, -1],
			"rotation": {"angle": 0, "axis": "y", "origin": [6.5, 24.5, -2.5]},
			"faces": {
				"north": {"uv": [5, 3.75, 7.25, 4], "texture": "#0"},
				"east": {"uv": [5.75, 6.125, 6.125, 6.375], "texture": "#0"},
				"south": {"uv": [5, 4, 7.25, 4.25], "texture": "#0"},
				"west": {"uv": [6.125, 6.125, 6.5, 6.375], "texture": "#0"},
				"up": {"uv": [2.25, 4.875, 0, 4.5], "texture": "#0"},
				"down": {"uv": [6.75, 0, 4.5, 0.375], "texture": "#0"}
			}
		},
		{
			"from": [17, 23, -1],
			"to": [20, 25, 17],
			"rotation": {"angle": 0, "axis": "y", "origin": [10, 26, 8]},
			"faces": {
				"north": {"uv": [0.375, 6.25, 0.75, 6.5], "texture": "#0"},
				"east": {"uv": [4.25, 5, 6.5, 5.25], "texture": "#0"},
				"south": {"uv": [0.75, 6.25, 1.125, 6.5], "texture": "#0"},
				"west": {"uv": [5, 4.25, 7.25, 4.5], "texture": "#0"},
				"up": {"uv": [5, 5, 4.625, 2.75], "texture": "#0"},
				"down": {"uv": [0.375, 4.875, 0, 7.125], "texture": "#0"}
			}
		},
		{
			"from": [-1, 23, 17],
			"to": [17, 25, 20],
			"rotation": {"angle": 0, "axis": "y", "origin": [6.5, 24.5, 18.5]},
			"faces": {
				"north": {"uv": [4.5, 0.375, 6.75, 0.625], "texture": "#0"},
				"east": {"uv": [1.875, 4.875, 2.25, 5.125], "texture": "#0"},
				"south": {"uv": [4.5, 0.625, 6.75, 0.875], "texture": "#0"},
				"west": {"uv": [1.875, 5.125, 2.25, 5.375], "texture": "#0"},
				"up": {"uv": [6.5, 2.375, 4.25, 2], "texture": "#0"},
				"down": {"uv": [6.5, 2.375, 4.25, 2.75], "texture": "#0"}
			}
		},
		{
			"from": [-4, 23, -1],
			"to": [-1, 25, 17],
			"rotation": {"angle": 0, "axis": "y", "origin": [-11, 26, 8]},
			"faces": {
				"north": {"uv": [5, 6.125, 5.375, 6.375], "texture": "#0"},
				"east": {"uv": [5, 2.75, 7.25, 3], "texture": "#0"},
				"south": {"uv": [5.375, 6.125, 5.75, 6.375], "texture": "#0"},
				"west": {"uv": [5, 3, 7.25, 3.25], "texture": "#0"},
				"up": {"uv": [4.625, 5, 4.25, 2.75], "texture": "#0"},
				"down": {"uv": [3.625, 4.25, 3.25, 6.5], "texture": "#0"}
			}
		}
	],
	"gui_light": "front",
	"display": {
		"thirdperson_righthand": {
			"rotation": [9.25, 19.83, -8.6],
			"translation": [0, 1.75, 2],
			"scale": [0.5, 0.5, 0.5]
		},
		"thirdperson_lefthand": {
			"rotation": [9.25, 19.83, -8.6],
			"translation": [0, -1, 2],
			"scale": [0.5, 0.5, 0.5]
		},
		"firstperson_righthand": {
			"rotation": [9.25, -28, -11],
			"translation": [2.25, -0.25, 0],
			"scale": [0.5, 0.5, 0.5]
		},
		"firstperson_lefthand": {
			"rotation": [9.25, -28, -11],
			"translation": [2.25, -0.25, 0],
			"scale": [0.5, 0.5, 0.5]
		},
		"ground": {
			"rotation": [30, 0, 45],
			"translation": [0, 1.5, 0],
			"scale": [0.4, 0.4, 0.4]
		},
		"gui": {
			"rotation": [0, 0, -45],
			"translation": [-3, -3.5, 0],
			"scale": [0.5, 0.5, 0.5]
		},
		"fixed": {
			"translation": [0, -2.5, 0],
			"scale": [0.5, 0.5, 0.5]
		}
	},
	"groups": [
		0,
		1,
		2,
		3,
		4,
		5,
		{
			"name": "4th layer",
			"origin": [7, 20.5, 30],
			"color": 0,
			"children": [6, 7, 8, 9, 10, 11, 12, 13, 14, 15, 16, 17, 18, 19, 20, 21, 22, 23, 24, 25]
		},
		{
			"name": "3rd layer",
			"origin": [-2.5, 22.5, 4.5],
			"color": 0,
			"children": [26, 27, 28, 29, 30, 31, 32, 33]
		},
		{
			"name": "2nd layer",
			"origin": [-11, 26, 8],
			"color": 0,
			"children": [34, 35, 36, 37, 38, 39, 40, 41]
		}
	]
}