{
	"credit": "Made with Blockbench",
	"texture_size": [32, 32],
	"textures": {
		"0": "item/extra/koth_sword",
		"particle": "item/extra/koth_sword"
	},
	"elements": [
		{
			"from": [6.8, -0.2, 6.8],
			"to": [9.2, 2.2, 9.2],
			"rotation": {"angle": 0, "axis": "y", "origin": [7, 0, 7]},
			"faces": {
				"north": {"uv": [6, 3.5, 7, 4.5], "texture": "#0"},
				"east": {"uv": [5, 3.5, 6, 4.5], "texture": "#0"},
				"south": {"uv": [8, 3.5, 9, 4.5], "texture": "#0"},
				"west": {"uv": [7, 3.5, 8, 4.5], "texture": "#0"},
				"up": {"uv": [7, 3.5, 6, 2.5], "texture": "#0"},
				"down": {"uv": [8, 2.5, 7, 3.5], "texture": "#0"}
			}
		},
		{
			"from": [7.25, 2, 7.25],
			"to": [8.75, 8, 8.75],
			"rotation": {"angle": 0, "axis": "y", "origin": [7, 2, 7]},
			"faces": {
				"north": {"uv": [9.5, 3, 10, 6], "texture": "#0"},
				"east": {"uv": [9, 3, 9.5, 6], "texture": "#0"},
				"south": {"uv": [10.5, 3, 11, 6], "texture": "#0"},
				"west": {"uv": [10, 3, 10.5, 6], "texture": "#0"},
				"up": {"uv": [10, 3, 9.5, 2.5], "texture": "#0"},
				"down": {"uv": [10.5, 2.5, 10, 3], "texture": "#0"}
			}
		},
		{
			"from": [6.25, 8, 6.5],
			"to": [9.75, 10, 9.5],
			"rotation": {"angle": 0, "axis": "z", "origin": [7, 10, 7]},
			"faces": {
				"north": {"uv": [6.5, 1.5, 8, 2.5], "texture": "#0"},
				"east": {"uv": [5, 1.5, 6.5, 2.5], "texture": "#0"},
				"south": {"uv": [9.5, 1.5, 11, 2.5], "texture": "#0"},
				"west": {"uv": [8, 1.5, 9.5, 2.5], "texture": "#0"},
				"up": {"uv": [8, 1.5, 6.5, 0], "texture": "#0"},
				"down": {"uv": [9.5, 0, 8, 1.5], "texture": "#0"}
			}
		},
		{
			"from": [4, 7, 6.75],
			"to": [6.5, 9, 9.25],
			"rotation": {"angle": 22.5, "axis": "z", "origin": [3.75, 9, 7]},
			"faces": {
				"north": {"uv": [6, 5.5, 7, 6.5], "texture": "#0"},
				"east": {"uv": [5, 5.5, 6, 6.5], "texture": "#0"},
				"south": {"uv": [8, 5.5, 9, 6.5], "texture": "#0"},
				"west": {"uv": [7, 5.5, 8, 6.5], "texture": "#0"},
				"up": {"uv": [7, 5.5, 6, 4.5], "texture": "#0"},
				"down": {"uv": [8, 4.5, 7, 5.5], "texture": "#0"}
			}
		},
		{
			"from": [9.25, 8.25, 6.75],
			"to": [11.75, 10.25, 9.25],
			"rotation": {"angle": -22.5, "axis": "z", "origin": [9, 9, 7]},
			"faces": {
				"north": {"uv": [6, 7.5, 7, 8.5], "texture": "#0"},
				"east": {"uv": [5, 7.5, 6, 8.5], "texture": "#0"},
				"south": {"uv": [8, 7.5, 9, 8.5], "texture": "#0"},
				"west": {"uv": [7, 7.5, 8, 8.5], "texture": "#0"},
				"up": {"uv": [7, 7.5, 6, 6.5], "texture": "#0"},
				"down": {"uv": [8, 6.5, 7, 7.5], "texture": "#0"}
			}
		},
		{
			"from": [3.95427, 9.4246, 7.5],
			"to": [5.95427, 12.9246, 8.5],
			"rotation": {"angle": 22.5, "axis": "z", "origin": [8.64978, 10.01886, 8]},
			"faces": {
				"north": {"uv": [9.5, 6.5, 10.5, 8], "texture": "#0"},
				"east": {"uv": [9, 6.5, 9.5, 8], "texture": "#0"},
				"south": {"uv": [11, 6.5, 12, 8], "texture": "#0"},
				"west": {"uv": [10.5, 6.5, 11, 8], "texture": "#0"},
				"up": {"uv": [10.5, 6.5, 9.5, 6], "texture": "#0"},
				"down": {"uv": [11.5, 6, 10.5, 6.5], "texture": "#0"}
			}
		},
		{
			"from": [10.0953, 9.4246, 7.5],
			"to": [12.0953, 12.9246, 8.5],
			"rotation": {"angle": -22.5, "axis": "z", "origin": [7.39978, 10.01886, 8]},
			"faces": {
				"north": {"uv": [9.5, 8.5, 10.5, 10], "texture": "#0"},
				"east": {"uv": [9, 8.5, 9.5, 10], "texture": "#0"},
				"south": {"uv": [11, 8.5, 12, 10], "texture": "#0"},
				"west": {"uv": [10.5, 8.5, 11, 10], "texture": "#0"},
				"up": {"uv": [10.5, 8.5, 9.5, 8], "texture": "#0"},
				"down": {"uv": [11.5, 8, 10.5, 8.5], "texture": "#0"}
			}
		},
		{
			"from": [12.06822, 11.08107, 7.6],
			"to": [12.86822, 12.88107, 8.4],
			"rotation": {"angle": -22.5, "axis": "z", "origin": [12.46822, 11.23107, 8]},
			"faces": {
				"north": {"uv": [9.5, 10.5, 10, 11.5], "texture": "#0"},
				"east": {"uv": [9, 10.5, 9.5, 11.5], "texture": "#0"},
				"south": {"uv": [10.5, 10.5, 11, 11.5], "texture": "#0"},
				"west": {"uv": [10, 10.5, 10.5, 11.5], "texture": "#0"},
				"up": {"uv": [10, 10.5, 9.5, 10], "texture": "#0"},
				"down": {"uv": [10.5, 10, 10, 10.5], "texture": "#0"}
			}
		},
		{
			"from": [3.30427, 12.7746, 7.6],
			"to": [4.10427, 14.5746, 8.4],
			"rotation": {"angle": 22.5, "axis": "z", "origin": [7.89978, 11.76886, 8]},
			"faces": {
				"north": {"uv": [3.5, 10, 4, 11], "texture": "#0"},
				"east": {"uv": [3, 10, 3.5, 11], "texture": "#0"},
				"south": {"uv": [4.5, 10, 5, 11], "texture": "#0"},
				"west": {"uv": [4, 10, 4.5, 11], "texture": "#0"},
				"up": {"uv": [4, 10, 3.5, 9.5], "texture": "#0"},
				"down": {"uv": [4.5, 9.5, 4, 10], "texture": "#0"}
			}
		},
		{
			"from": [7.3, 0.3, 6.55],
			"to": [8.7, 1.7, 9.45],
			"rotation": {"angle": 0, "axis": "y", "origin": [7, 0, 6.75]},
			"faces": {
				"north": {"uv": [1, 10.5, 1.5, 11], "texture": "#0"},
				"east": {"uv": [0, 10.5, 1, 11], "texture": "#0"},
				"south": {"uv": [2.5, 10.5, 3, 11], "texture": "#0"},
				"west": {"uv": [1.5, 10.5, 2.5, 11], "texture": "#0"},
				"up": {"uv": [1.5, 10.5, 1, 9.5], "texture": "#0"},
				"down": {"uv": [2, 9.5, 1.5, 10.5], "texture": "#0"}
			}
		},
		{
			"from": [7.5, 8.5, 6.25],
			"to": [8.5, 9.5, 9.75],
			"rotation": {"angle": -45, "axis": "z", "origin": [8, 9, 8]},
			"faces": {
				"north": {"uv": [6.5, 10, 7, 10.5], "texture": "#0"},
				"east": {"uv": [5, 10, 6.5, 10.5], "texture": "#0"},
				"south": {"uv": [8.5, 10, 9, 10.5], "texture": "#0"},
				"west": {"uv": [7, 10, 8.5, 10.5], "texture": "#0"},
				"up": {"uv": [7, 10, 6.5, 8.5], "texture": "#0"},
				"down": {"uv": [7.5, 8.5, 7, 10], "texture": "#0"}
			}
		},
		{
			"from": [6.5, 9.9, 7.5],
			"to": [9.5, 19, 8.5],
			"rotation": {"angle": 0, "axis": "z", "origin": [8, 16.2, 8.5]},
			"faces": {
				"north": {"uv": [12, 1, 13.5, 5.5], "texture": "#0"},
				"east": {"uv": [11.5, 1, 12, 5.5], "texture": "#0"},
				"south": {"uv": [14, 1, 15.5, 5.5], "texture": "#0"},
				"west": {"uv": [13.5, 1, 14, 5.5], "texture": "#0"},
				"up": {"uv": [13.5, 1, 12, 0.5], "texture": "#0"},
				"down": {"uv": [15, 0.5, 13.5, 1], "texture": "#0"}
			}
		},
		{
			"from": [6.5, 19, 7.5],
			"to": [7.5, 20.85, 8.5],
			"rotation": {"angle": 0, "axis": "y", "origin": [6.5, 19, 7.5]},
			"faces": {
				"north": {"uv": [1, 12, 1.5, 12.5], "texture": "#0"},
				"east": {"uv": [0.5, 12, 1, 12.5], "texture": "#0"},
				"south": {"uv": [2, 12, 2.5, 12.5], "texture": "#0"},
				"west": {"uv": [1.5, 12, 2, 12.5], "texture": "#0"},
				"up": {"uv": [1.5, 12, 1, 11.5], "texture": "#0"},
				"down": {"uv": [2, 11.5, 1.5, 12], "texture": "#0"}
			}
		},
		{
			"from": [7.5, 19, 7.5],
			"to": [8.5, 22.35, 8.5],
			"rotation": {"angle": 0, "axis": "y", "origin": [7.5, 19, 7.5]},
			"faces": {
				"north": {"uv": [6, 11.5, 6.5, 13], "texture": "#0"},
				"east": {"uv": [5.5, 11.5, 6, 13], "texture": "#0"},
				"south": {"uv": [7, 11.5, 7.5, 13], "texture": "#0"},
				"west": {"uv": [6.5, 11.5, 7, 13], "texture": "#0"},
				"up": {"uv": [6.5, 11.5, 6, 11], "texture": "#0"},
				"down": {"uv": [7, 11, 6.5, 11.5], "texture": "#0"}
			}
		},
		{
			"from": [8.5, 19, 7.5],
			"to": [9.5, 24.35, 8.5],
			"rotation": {"angle": 0, "axis": "y", "origin": [8.5, 19, 7.5]},
			"faces": {
				"north": {"uv": [1, 6.5, 1.5, 9], "texture": "#0"},
				"east": {"uv": [0.5, 6.5, 1, 9], "texture": "#0"},
				"south": {"uv": [2, 6.5, 2.5, 9], "texture": "#0"},
				"west": {"uv": [1.5, 6.5, 2, 9], "texture": "#0"},
				"up": {"uv": [1.5, 6.5, 1, 6], "texture": "#0"},
				"down": {"uv": [2, 6, 1.5, 6.5], "texture": "#0"}
			}
		}
	],
	"gui_light": "front",
	"display": {
		"thirdperson_righthand": {
			"rotation": [0, -90, 0],
			"translation": [0, 0.75, 1.5],
			"scale": [0.8, 0.8, 0.8]
		},
		"thirdperson_lefthand": {
			"rotation": [0, 90, 0],
			"translation": [0, 0.75, 1.5],
			"scale": [0.8, 0.8, 0.8]
		},
		"firstperson_righthand": {
			"rotation": [-180, -85, 165],
			"translation": [1.25, 0, 0],
			"scale": [0.8, 0.8, 0.8]
		},
		"firstperson_lefthand": {
			"rotation": [0, 95, 15],
			"translation": [0.25, 0, 0],
			"scale": [0.8, 0.8, 0.8]
		},
		"ground": {
			"rotation": [0, 0, 45],
			"translation": [0, 4.5, 0],
			"scale": [0.75, 0.75, 0.75]
		},
		"gui": {
			"rotation": [0, 0, -45],
			"translation": [-2, -2, 0],
			"scale": [0.85, 0.75, 0.75]
		},
		"head": {
			"rotation": [90, 0, 90],
			"translation": [0, 7.25, 0.5],
			"scale": [0.8, 0.8, 0.8]
		},
		"fixed": {
			"translation": [0, -3.25, 0]
		}
	},
	"groups": [
		{
			"name": "Hilt",
			"origin": [8, 9, 8],
			"color": 0,
			"children": [0, 1, 2, 3, 4, 5, 6, 7, 8, 9, 10]
		},
		{
			"name": "Blade",
			"origin": [8.5, 19, 7],
			"color": 0,
			"children": [11, 12, 13, 14]
		}
	]
}