{
	"credit": "Made with Blockbench",
	"texture_size": [32, 32],
	"textures": {
		"0": "item/skulk/sculk_hoe",
		"particle": "item/skulk/sculk_hoe"
	},
	"elements": [
		{
			"name": "handle",
			"from": [7.25, 0, 7.25],
			"to": [8.75, 22, 8.75],
			"rotation": {"angle": 0, "axis": "y", "origin": [8, 11, 8]},
			"faces": {
				"north": {"uv": [0, 0, 1, 11], "texture": "#0"},
				"east": {"uv": [1, 0, 2, 11], "texture": "#0"},
				"south": {"uv": [2, 0, 3, 11], "texture": "#0"},
				"west": {"uv": [3, 0, 4, 11], "texture": "#0"},
				"up": {"uv": [9, 6.5, 8, 5.5], "texture": "#0"},
				"down": {"uv": [9, 6.5, 8, 7.5], "texture": "#0"}
			}
		},
		{
			"from": [14.25, 15.75, 7.75],
			"to": [18.75, 19.75, 8.25],
			"rotation": {"angle": 0, "axis": "y", "origin": [14, 18.75, 7]},
			"faces": {
				"north": {"uv": [4, 4, 6.5, 6], "texture": "#0"},
				"east": {"uv": [7, 8, 7.5, 10], "texture": "#0"},
				"south": {"uv": [4, 6, 6.5, 8], "texture": "#0"},
				"west": {"uv": [7.5, 8, 8, 10], "texture": "#0"},
				"up": {"uv": [10.5, 5, 8, 4.5], "texture": "#0"},
				"down": {"uv": [10.5, 5, 8, 5.5], "texture": "#0"}
			}
		},
		{
			"from": [8.75, 16.75, 7.75],
			"to": [14.25, 20.75, 8.25],
			"rotation": {"angle": 0, "axis": "y", "origin": [8.5, 18.75, 7]},
			"faces": {
				"north": {"uv": [4, 0, 7, 2], "texture": "#0"},
				"east": {"uv": [8, 7.5, 8.5, 9.5], "texture": "#0"},
				"south": {"uv": [4, 2, 7, 4], "texture": "#0"},
				"west": {"uv": [4, 8.5, 4.5, 10.5], "texture": "#0"},
				"up": {"uv": [7, 8.5, 4, 8], "texture": "#0"},
				"down": {"uv": [11, 4, 8, 4.5], "texture": "#0"}
			}
		},
		{
			"from": [22.75, 12.75, 7.75],
			"to": [24.25, 16.75, 8.25],
			"rotation": {"angle": 0, "axis": "y", "origin": [22.5, 18.75, 7]},
			"faces": {
				"north": {"uv": [7, 0, 8, 2], "texture": "#0"},
				"east": {"uv": [4.5, 8.5, 5, 10.5], "texture": "#0"},
				"south": {"uv": [7, 2, 8, 4], "texture": "#0"},
				"west": {"uv": [5, 8.5, 5.5, 10.5], "texture": "#0"},
				"up": {"uv": [10, 1.5, 9, 1], "texture": "#0"},
				"down": {"uv": [10, 1.5, 9, 2], "texture": "#0"}
			}
		},
		{
			"from": [21.25, 13.75, 7.75],
			"to": [22.75, 17.75, 8.25],
			"rotation": {"angle": 0, "axis": "y", "origin": [21, 18.75, 7]},
			"faces": {
				"north": {"uv": [8, 0, 9, 2], "texture": "#0"},
				"east": {"uv": [5.5, 8.5, 6, 10.5], "texture": "#0"},
				"south": {"uv": [8, 2, 9, 4], "texture": "#0"},
				"west": {"uv": [6, 8.5, 6.5, 10.5], "texture": "#0"},
				"up": {"uv": [10, 2.5, 9, 2], "texture": "#0"},
				"down": {"uv": [10, 2.5, 9, 3], "texture": "#0"}
			}
		},
		{
			"from": [18.75, 14.75, 7.75],
			"to": [21.25, 18.75, 8.25],
			"rotation": {"angle": 0, "axis": "y", "origin": [18.5, 18.75, 7]},
			"faces": {
				"north": {"uv": [6.5, 4, 8, 6], "texture": "#0"},
				"east": {"uv": [6.5, 8.5, 7, 10.5], "texture": "#0"},
				"south": {"uv": [6.5, 6, 8, 8], "texture": "#0"},
				"west": {"uv": [8.5, 7.5, 9, 9.5], "texture": "#0"},
				"up": {"uv": [10.5, 0.5, 9, 0], "texture": "#0"},
				"down": {"uv": [10.5, 0.5, 9, 1], "texture": "#0"}
			}
		}
	],
	"gui_light": "front",
	"display": {
		"thirdperson_righthand": {
			"rotation": [0, 90, 0],
			"translation": [0, 0, 1],
			"scale": [0.7, 0.85, 0.95]
		},
		"thirdperson_lefthand": {
			"rotation": [0, -90, 0],
			"translation": [0, 0, 1],
			"scale": [0.7, 0.85, 0.95]
		},
		"firstperson_righthand": {
			"rotation": [12, 99, 3],
			"translation": [3, 0, -0.25],
			"scale": [0.7, 0.85, 0.95]
		},
		"firstperson_lefthand": {
			"rotation": [12, -99, 3],
			"translation": [4.75, 0, -0.25],
			"scale": [0.7, 0.85, 0.95]
		},
		"ground": {
			"rotation": [30, 0, 45],
			"translation": [0, 1.5, 0],
			"scale": [0.5, 0.5, 0.5]
		},
		"gui": {
			"rotation": [0, 0, -30],
			"translation": [-4.5, -1.5, 0],
			"scale": [0.65, 0.65, 0.65]
		},
		"head": {
			"rotation": [0, 90, 0],
			"translation": [0, -0.75, 0]
		},
		"fixed": {
			"translation": [-6.5, -3, 0]
		}
	},
	"groups": [
		0,
		{
			"name": "blade",
			"origin": [18.5, 18.75, 7],
			"color": 0,
			"children": [1, 2, 3, 4, 5]
		}
	]
}