{
	"credit": "Made with Blockbench",
	"textures": {
		"1": "trumpeteer_layer_1"
	},
	"elements": [
		{
			"from": [4, 0, 4],
			"to": [12, 8, 4],
			"faces": {
				"north": {"uv": [2, 6, 4, 8], "texture": "#1"},
				"east": {"uv": [2, 6, 4, 8], "texture": "#1"},
				"south": {"uv": [2, 6, 4, 8], "texture": "#1"},
				"west": {"uv": [2, 6, 4, 8], "texture": "#1"},
				"up": {"uv": [2, 6, 4, 8], "texture": "#1"},
				"down": {"uv": [2, 6, 4, 8], "texture": "#1"}
			}
		},
		{
			"from": [4, 0, 12],
			"to": [12, 8, 12],
			"faces": {
				"north": {"uv": [6, 6, 8, 8], "texture": "#1"},
				"east": {"uv": [6, 6, 8, 8], "texture": "#1"},
				"south": {"uv": [6, 6, 8, 8], "texture": "#1"},
				"west": {"uv": [6, 6, 8, 8], "texture": "#1"},
				"up": {"uv": [6, 6, 8, 8], "texture": "#1"},
				"down": {"uv": [6, 6, 8, 8], "texture": "#1"}
			}
		},
		{
			"from": [4, 0, 4],
			"to": [4, 8, 12],
			"faces": {
				"north": {"uv": [0, 0, 0, 8], "texture": "#missing"},
				"east": {"uv": [0, 6, 2, 8], "texture": "#1"},
				"south": {"uv": [0, 0, 0, 8], "texture": "#missing"},
				"west": {"uv": [4, 6, 6, 8], "texture": "#1"},
				"up": {"uv": [0, 0, 0, 8], "texture": "#missing"},
				"down": {"uv": [0, 0, 0, 8], "texture": "#missing"}
			}
		},
		{
			"from": [12, 0, 4],
			"to": [12, 8, 12],
			"faces": {
				"north": {"uv": [0, 0, 0, 8], "texture": "#missing"},
				"east": {"uv": [0, 6, 2, 8], "texture": "#1"},
				"south": {"uv": [0, 0, 0, 8], "texture": "#missing"},
				"west": {"uv": [4, 6, 6, 8], "texture": "#1"},
				"up": {"uv": [0, 0, 0, 8], "texture": "#missing"},
				"down": {"uv": [0, 0, 0, 8], "texture": "#missing"}
			}
		},
		{
			"from": [4, 8, 4],
			"to": [12, 8, 12],
			"faces": {
				"north": {"uv": [2, 4, 4, 6], "texture": "#1"},
				"east": {"uv": [2, 4, 4, 6], "texture": "#1"},
				"south": {"uv": [2, 4, 4, 6], "texture": "#1"},
				"west": {"uv": [2, 4, 4, 6], "texture": "#1"},
				"up": {"uv": [2, 4, 4, 6], "texture": "#1"},
				"down": {"uv": [2, 4, 4, 6], "texture": "#1"}
			}
		},
		{
			"from": [3.75, 2, 6],
			"to": [3.75, 13, 15],
			"faces": {
				"north": {"uv": [9.75, 4.75, 12, 7.5], "texture": "#1"},
				"east": {"uv": [10.25, 5.25, 12.5, 8], "texture": "#1"},
				"south": {"uv": [9.75, 4.75, 12, 7.5], "texture": "#1"},
				"west": {"uv": [8, 5.25, 10.25, 8], "texture": "#1"},
				"up": {"uv": [9.75, 4.75, 12, 7.5], "texture": "#1"},
				"down": {"uv": [9.75, 4.75, 12, 7.5], "texture": "#1"}
			}
		},
		{
			"from": [12.25, 2, 6],
			"to": [12.25, 13, 15],
			"faces": {
				"north": {"uv": [9.75, 4.75, 12, 7.5], "texture": "#1"},
				"east": {"uv": [10.25, 5.25, 12.5, 8], "texture": "#1"},
				"south": {"uv": [9.75, 4.75, 12, 7.5], "texture": "#1"},
				"west": {"uv": [8, 5.25, 10.25, 8], "texture": "#1"},
				"up": {"uv": [9.75, 4.75, 12, 7.5], "texture": "#1"},
				"down": {"uv": [9.75, 4.75, 12, 7.5], "texture": "#1"}
			}
		},
		{
			"from": [3, 9.25, 3],
			"to": [13, 9.25, 13],
			"faces": {
				"north": {"uv": [12.75, 4.5, 15.75, 7.5], "texture": "#1"},
				"east": {"uv": [12.75, 4.5, 15.75, 7.5], "texture": "#1"},
				"south": {"uv": [12.75, 4.5, 15.75, 7.5], "texture": "#1"},
				"west": {"uv": [12.75, 4.5, 15.75, 7.5], "texture": "#1"},
				"up": {"uv": [12.75, 4.5, 15.75, 7.5], "texture": "#1"},
				"down": {"uv": [12.75, 4.5, 15.75, 7.5], "texture": "#1"}
			}
		}
	],
	"display": {
		"head": {
			"translation": [0, 7.5, 0],
			"scale": [1.9, 1.9, 1.9]
		}
	}
}